-- phpMyAdmin SQL Dump
-- version 5.2.0
-- https://www.phpmyadmin.net/
--
-- ホスト: 127.0.0.1
-- 生成日時: 2022-09-28 15:36:55
-- サーバのバージョン： 10.4.24-MariaDB
-- PHP のバージョン: 7.4.29

SET SQL_MODE = "NO_AUTO_VALUE_ON_ZERO";
START TRANSACTION;
SET time_zone = "+00:00";


/*!40101 SET @OLD_CHARACTER_SET_CLIENT=@@CHARACTER_SET_CLIENT */;
/*!40101 SET @OLD_CHARACTER_SET_RESULTS=@@CHARACTER_SET_RESULTS */;
/*!40101 SET @OLD_COLLATION_CONNECTION=@@COLLATION_CONNECTION */;
/*!40101 SET NAMES utf8mb4 */;

--
-- データベース: `dtmagnet`
--

-- --------------------------------------------------------

--
-- テーブルの構造 `contents`
--

CREATE TABLE `contents` (
  `id` bigint(20) UNSIGNED NOT NULL,
  `title` varchar(100) COLLATE utf8mb4_unicode_ci NOT NULL,
  `content` text COLLATE utf8mb4_unicode_ci NOT NULL,
  `created_at` timestamp NULL DEFAULT NULL,
  `updated_at` timestamp NULL DEFAULT NULL,
  `user_id` int(11) NOT NULL
) ENGINE=InnoDB DEFAULT CHARSET=utf8mb4 COLLATE=utf8mb4_unicode_ci;

--
-- テーブルのデータのダンプ `contents`
--

INSERT INTO `contents` (`id`, `title`, `content`, `created_at`, `updated_at`, `user_id`) VALUES
(49, '発音について(段)', '<p style=\"cursor: text; margin-top: 14px; margin-bottom: 14px; counter-reset: list-1 0 list-2 0 list-3 0 list-4 0 list-5 0 list-6 0 list-7 0 list-8 0 list-9 0; color: rgb(66, 66, 66); font-family: Helvetica, Arial, sans-serif; font-size: 16px; white-space: pre-wrap;\">前回の記事の結論は以下のとおりである。</p><p style=\"cursor: text; margin-top: 14px; margin-bottom: 14px; counter-reset: list-1 0 list-2 0 list-3 0 list-4 0 list-5 0 list-6 0 list-7 0 list-8 0 list-9 0; color: rgb(66, 66, 66); font-family: Helvetica, Arial, sans-serif; font-size: 16px; white-space: pre-wrap;\"><br></p><p style=\"cursor: text; margin-top: 14px; margin-bottom: 14px; counter-reset: list-1 0 list-2 0 list-3 0 list-4 0 list-5 0 list-6 0 list-7 0 list-8 0 list-9 0; color: rgb(66, 66, 66); font-family: Helvetica, Arial, sans-serif; font-size: 16px; white-space: pre-wrap;\">各段の本能的な役割をまとめると、</p><p style=\"cursor: text; margin-top: 14px; margin-bottom: 14px; counter-reset: list-1 0 list-2 0 list-3 0 list-4 0 list-5 0 list-6 0 list-7 0 list-8 0 list-9 0; color: rgb(66, 66, 66); font-family: Helvetica, Arial, sans-serif; font-size: 16px; white-space: pre-wrap;\">「あ」中〜高／長 (高音は任せろ！)</p><p style=\"cursor: text; margin-top: 14px; margin-bottom: 14px; counter-reset: list-1 0 list-2 0 list-3 0 list-4 0 list-5 0 list-6 0 list-7 0 list-8 0 list-9 0; color: rgb(66, 66, 66); font-family: Helvetica, Arial, sans-serif; font-size: 16px; white-space: pre-wrap;\">「い」中／短 (細かい音符に雑に使える)</p><p style=\"cursor: text; margin-top: 14px; margin-bottom: 14px; counter-reset: list-1 0 list-2 0 list-3 0 list-4 0 list-5 0 list-6 0 list-7 0 list-8 0 list-9 0; color: rgb(66, 66, 66); font-family: Helvetica, Arial, sans-serif; font-size: 16px; white-space: pre-wrap;\">「う」低／長 (低音は任せろ！)</p><p style=\"cursor: text; margin-top: 14px; margin-bottom: 14px; counter-reset: list-1 0 list-2 0 list-3 0 list-4 0 list-5 0 list-6 0 list-7 0 list-8 0 list-9 0; color: rgb(66, 66, 66); font-family: Helvetica, Arial, sans-serif; font-size: 16px; white-space: pre-wrap;\">「え」やや低〜高／すべて (優等生)</p><p style=\"cursor: text; margin-top: 14px; margin-bottom: 14px; counter-reset: list-1 0 list-2 0 list-3 0 list-4 0 list-5 0 list-6 0 list-7 0 list-8 0 list-9 0; color: rgb(66, 66, 66); font-family: Helvetica, Arial, sans-serif; font-size: 16px; white-space: pre-wrap;\">「お」低〜中／すべて (低音が得意)</p><p style=\"cursor: text; margin-top: 14px; margin-bottom: 14px; counter-reset: list-1 0 list-2 0 list-3 0 list-4 0 list-5 0 list-6 0 list-7 0 list-8 0 list-9 0; color: rgb(66, 66, 66); font-family: Helvetica, Arial, sans-serif; font-size: 16px; white-space: pre-wrap;\">「ん」－／短 (溜めになって弾みがつく)</p><p style=\"cursor: text; margin-top: 14px; margin-bottom: 14px; counter-reset: list-1 0 list-2 0 list-3 0 list-4 0 list-5 0 list-6 0 list-7 0 list-8 0 list-9 0; color: rgb(66, 66, 66); font-family: Helvetica, Arial, sans-serif; font-size: 16px; white-space: pre-wrap;\"><br></p><p style=\"cursor: text; margin-top: 14px; margin-bottom: 14px; counter-reset: list-1 0 list-2 0 list-3 0 list-4 0 list-5 0 list-6 0 list-7 0 list-8 0 list-9 0; color: rgb(66, 66, 66); font-family: Helvetica, Arial, sans-serif; font-size: 16px; white-space: pre-wrap;\">親しみ易く歌い易いVocalメロディーを作るには、この役割に従って歌詞を書けばいいわけだが、それだけではダメだということも、前回言及した。</p><p style=\"cursor: text; margin-top: 14px; margin-bottom: 14px; counter-reset: list-1 0 list-2 0 list-3 0 list-4 0 list-5 0 list-6 0 list-7 0 list-8 0 list-9 0; color: rgb(66, 66, 66); font-family: Helvetica, Arial, sans-serif; font-size: 16px; white-space: pre-wrap;\">本記事ではそれを具体的に考えていく。</p><p style=\"cursor: text; margin-top: 14px; margin-bottom: 14px; counter-reset: list-1 0 list-2 0 list-3 0 list-4 0 list-5 0 list-6 0 list-7 0 list-8 0 list-9 0; color: rgb(66, 66, 66); font-family: Helvetica, Arial, sans-serif; font-size: 16px; white-space: pre-wrap;\"><br></p><p style=\"cursor: text; margin-top: 14px; margin-bottom: 14px; counter-reset: list-1 0 list-2 0 list-3 0 list-4 0 list-5 0 list-6 0 list-7 0 list-8 0 list-9 0; color: rgb(66, 66, 66); font-family: Helvetica, Arial, sans-serif; font-size: 16px; white-space: pre-wrap;\">たどり着いた結論を述べる。</p><p style=\"cursor: text; margin-top: 14px; margin-bottom: 14px; counter-reset: list-1 0 list-2 0 list-3 0 list-4 0 list-5 0 list-6 0 list-7 0 list-8 0 list-9 0; color: rgb(66, 66, 66); font-family: Helvetica, Arial, sans-serif; font-size: 16px; white-space: pre-wrap;\">歌詞の発音が本能的な役割に従わないとき、その歌はナルシスティックな、自己陶酔的な、キザな雰囲気を醸し出すと感じられる。</p><p style=\"cursor: text; margin-top: 14px; margin-bottom: 14px; counter-reset: list-1 0 list-2 0 list-3 0 list-4 0 list-5 0 list-6 0 list-7 0 list-8 0 list-9 0; color: rgb(66, 66, 66); font-family: Helvetica, Arial, sans-serif; font-size: 16px; white-space: pre-wrap;\"><br></p><p style=\"cursor: text; margin-top: 14px; margin-bottom: 14px; counter-reset: list-1 0 list-2 0 list-3 0 list-4 0 list-5 0 list-6 0 list-7 0 list-8 0 list-9 0; color: rgb(66, 66, 66); font-family: Helvetica, Arial, sans-serif; font-size: 16px; white-space: pre-wrap;\">特筆すべきは</p><p style=\"cursor: text; margin-top: 14px; margin-bottom: 14px; counter-reset: list-1 0 list-2 0 list-3 0 list-4 0 list-5 0 list-6 0 list-7 0 list-8 0 list-9 0; color: rgb(66, 66, 66); font-family: Helvetica, Arial, sans-serif; font-size: 16px; white-space: pre-wrap;\">①低音の「あ」段、②低音あるいは高音の「い」段、③高音の「う」段、④長音の「ん」</p><p style=\"cursor: text; margin-top: 14px; margin-bottom: 14px; counter-reset: list-1 0 list-2 0 list-3 0 list-4 0 list-5 0 list-6 0 list-7 0 list-8 0 list-9 0; color: rgb(66, 66, 66); font-family: Helvetica, Arial, sans-serif; font-size: 16px; white-space: pre-wrap;\">だと思う。</p><p style=\"cursor: text; margin-top: 14px; margin-bottom: 14px; counter-reset: list-1 0 list-2 0 list-3 0 list-4 0 list-5 0 list-6 0 list-7 0 list-8 0 list-9 0; color: rgb(66, 66, 66); font-family: Helvetica, Arial, sans-serif; font-size: 16px; white-space: pre-wrap;\">モーニング娘。のI WISHのAメロは</p><p style=\"cursor: text; margin-top: 14px; margin-bottom: 14px; counter-reset: list-1 0 list-2 0 list-3 0 list-4 0 list-5 0 list-6 0 list-7 0 list-8 0 list-9 0; color: rgb(66, 66, 66); font-family: Helvetica, Arial, sans-serif; font-size: 16px; white-space: pre-wrap;\">「ひ(※②)とりぼっちですこし　たいくつ(※③)なよる　わたしだけがさびしいの　Ah(※①)　Uh～(※④)」となっている。</p><p style=\"cursor: text; margin-top: 14px; margin-bottom: 14px; counter-reset: list-1 0 list-2 0 list-3 0 list-4 0 list-5 0 list-6 0 list-7 0 list-8 0 list-9 0; color: rgb(66, 66, 66); font-family: Helvetica, Arial, sans-serif; font-size: 16px; white-space: pre-wrap;\">このAメロは自分の心の中を見つめるような自己陶酔的な美しさを感じる。発音に着目しても、このように、ナルシスティックな発音の使われ方が散見される。</p><p style=\"cursor: text; margin-top: 14px; margin-bottom: 14px; counter-reset: list-1 0 list-2 0 list-3 0 list-4 0 list-5 0 list-6 0 list-7 0 list-8 0 list-9 0; color: rgb(66, 66, 66); font-family: Helvetica, Arial, sans-serif; font-size: 16px; white-space: pre-wrap;\">　特に「く→つ」のように母音保続しながらストレスの大きい状態へと遷移すると、非常にエモーショナルだ。</p><p style=\"cursor: text; margin-top: 14px; margin-bottom: 14px; counter-reset: list-1 0 list-2 0 list-3 0 list-4 0 list-5 0 list-6 0 list-7 0 list-8 0 list-9 0; color: rgb(66, 66, 66); font-family: Helvetica, Arial, sans-serif; font-size: 16px; white-space: pre-wrap;\"><img src=\"data:image/jpeg;base64,/9j/4AAQSkZJRgABAQAAAQABAAD/2wBDAAgGBgcGBQgHBwcJCQgKDBQNDAsLDBkSEw8UHRofHh0aHBwgJC4nICIsIxwcKDcpLDAxNDQ0Hyc5PTgyPC4zNDL/2wBDAQkJCQwLDBgNDRgyIRwhMjIyMjIyMjIyMjIyMjIyMjIyMjIyMjIyMjIyMjIyMjIyMjIyMjIyMjIyMjIyMjIyMjL/wAARCAK8ArwDASIAAhEBAxEB/8QAHAABAAEFAQEAAAAAAAAAAAAAAAUBAwQGBwII/8QAQxAAAgIBAgQDBAgFAgUDBAMAAAECAwQFEQYSITFBUWEHEyJxFCMyQlJigaEVkbHB0TNyFiRD4fBTgsI1VFXxhJLS/8QAGgEBAQEBAQEBAAAAAAAAAAAAAAECBAMFBv/EADMRAQACAgEDAgUCBgIBBQAAAAABAgMRIQQSMSJBEzJRYXEFgRRCkaGx0SRSFTNyouHw/9oADAMBAAIRAxEAPwDv4AAAAAAAAAAAAAAAAAAAAAAAAAAAAAAAAAAAAAAAAAAAAAAAAAAAAAAAAAAAAAAAAAAAAAAAAAAAAAAAAAAAAAAAAAAAAAAAAAAAAAAAAAAAAAAAAAAAAAAAAAAAAAAAAAAAAAAAAAAAAAAAAAAAAAAAAAAAAAAAAAAAAAAAAAAAAAAAAAAAAAAAAAAAAAAAAAAAAAAAAAAAAAAAAAAAAAAAAAAAAAAAAB5U4vtJP5MD0DkHHXtYztN1uzReHcWNt9MlG26UHP4vwxiv6ljhn2i6zg3SlxVkUxqmt4VbJWp+SjHw+Zm1ojyOzFnIyKcWqVt9sKq4rdynJJL9Wcc4u9tGdp9/0bSdMjXuul2S92/lFf8Ac5Xq3EutcQZKnqOoXZE5y2Vak1FN9korobiONj6r0/W9P1W26vByIX+5aU5Qe8U/LckjS/Zxo0dE4Xx8dL43FTsfi5Nbm6GInfgAAaAAAAAAAAAAAAAAAAAAAAAAAAAAAAAAAAAAAAAAAAAAAAAAAAAAAAAAAAAAAAAAAAAAAAAAAAAAAAAAAAAAAAAAAAAAAAAAAAAAAAQ3EnE2ncLaVLP1Gxxr35Yxit5Tfkkcyo9ujzdYqxcTQLZUSkouTs3mlv1eyWw9tjrmdqOHpmLLJzsmrHoj9qdkkkiB0/2gcM6nmfRMTVarLfBdUpfJs5l7WdSwdZswffazHHxK4Sc8eHxScnt12Xj026nPcTV8XCui9GxdrFNRWZmT5pp+cYrojM21HCui+0vWuJ9T1yzTNOlZh6bQoyld733Sn07uW66eiNb4e4qnwvludWp5OqZElyzprlJ1c3jvKXf9DXOLMvKy51Ty8m26x9XzWc0X67djA0y+FeLZZOyVUal9XyvZuX9xqZ8id4n4rz8vLlbjOnDVz3sePBRnJ+PNL7REadOK5smT5pQkub3jcpS3XmYebkzzrnO2b6dXJx7Is32xlCEV8MU91H+5rtg2ydRvhlXuxR5X9yO7eyJrgbRp6nxLRzQ5q6WrGvN7/Cv5/wBDXsTGyc7Jhj4lU7bZPZRit2fQPsu4Lno2I8nOjH6RKXNJLrs9ukd/Td9DN7REdsTzK187l0bTsb6JhV1PbmS3l8/EywuwLEahkABQAAAAAAAAAAAAAAAAAAAAAAAAAAAAAAAAAAAAAAAAAAAAAAAAAAAAAAAAAAAAAAAAAAAAAAAAAAAAAAAAAAAAAAAAAAAAADzzxUuXmW/lv1IriPJz8TQMu/TK42ZcINwUnsvmfOULM+rVqsrVuIJrNlZvGui122cz779eWK6ktOo2sRt3/jTi2ng/QZahZS7rJS5Kq09lKT834I5Lh+0rjrMyFnTjjYuEnv8AXwVdTj6Sl1f6FOMuM9Z/hKxnDG93S9lO2PPN9Okt2tvHyOa42blatqkJZmSrZbvaWRP4I7eO39kiczUl0j2jcY6Rr2Lg22YuRmPHUpfBP3dUpNJPr3a8jQaOIcm74KOTAx4uL9xiwUeZb9W5d389zM13Lou0iO9LqvulzPd9HFLul6kJpk/oC+nWr4U+WqD/AOpL/CLr0olOInCdGPKFsbHLeXWO0or8zfiRmmThRVbfkQ5q3FxhHfrOT7foUVs8+67KzpyVO+8tl1m/CKKxqWZa8i6TqxoPlSXl4RivP1HiNLEPKnHLU7b240R7tLrL8sTK0rT4armqOVf9Ewq+r5Y80lH8MV4yfmVxdPnqdi5a/dY9a6Lso+i9SdxMauEa8eutqye8Yxj8Umn4r1LFtcw6+n6O2X1W4qxtXx9CllVY+nwsxqHCMYRk+aT27yl5F/QOAcvW7pTU5V4kXsr5rZbem/c33h/2fqFkc3WK4xk0uWiMeu35mbutOnOqNcIRroitowitkeOTPaZ7ccc/VvLXDHprHDWNC0LD0mdWnaHjRlkT+GzLkt5beL38jqeDiQwcOvHg21FdZPu34swdF0ivT4OzlXvJL9UvIlyYsU19Vp3MuTJeJ4rHCoAPd5gAAAAAAAAAAAAAAAAAAAAAAAAAAAAAAAAAAAAAAAAAAAAAAAAAAAAAAAAAAAAAAAAAAAAAAAAAAAAAAAAAAAAAAAAAAAAAAAOde0nEz9b4Wy6MS62i/Hl7xwhLb3kV3XqfOGDZ7rOjKyUoR32lJL4kvFfM+v8AUsPntrvglvvyyT8Uz5d13SKsbjXPqm5VYlN8rJOUXGTinvypeO/Y8qTaLWrZqdcaZur61dPh9VZXIp3NKrp8brj4y+fh8jV9NpjHmzrm1j0vaPg7J7PaK/qe5ueuanZbY3VjwXxS2+GqC7RXrt4eZfcVmTUa17rExo7p/hj6/mZ661GkY3NZqN1uZlyaqj0aX3vKKEIfxGyV+TP3WLUlFbPbZeEY+pkbyyW1GLqxaYpc3ZRT6/rJ7FIQhlTlu/dYlPgu/pt+ZkFttZUnKcfdYlcuVQXh6LzkS+n6dkvKpvlTCvGTbVcn15e/ReMmRds1kr3qSpw6ukYr+3m35m8cMcK6rxjCi++EsHTK1y+8+/ZHyj/klrRWOXV080jdr+fZh6PTn67lLA0rDlGcW+d/cqjv3k/P0Ot8K8EYmhR96oPJzpr6zIs8PNRXgjYdC4aw9GwIYeDjxx6IrZxS6y9X5k9GuMFskkjGpv54hc3VXyRr2YNWDGPxy+KXi2ZEMeEpfF1S8DI5T0kktkbrWI4hyTMz5VABpAAAAAAAAAAAAAAAAAAAAAAAAAAAAAAAAAAAAAAAAAAAAAAAAAAAAAAAAAAAAAAAAAAAAAAAAAAAAAAAAAAAAAAAAAAAAAAAAAA8TkoQcn2SbAjeINZwtC0i7OzbIxhCLcU3s5S8EvU+b9W4lt1TPuhbCvK2g5KydW73b6xjLboorzNk40zf+KOIbI5WowhRR9VCmEk4wcn95d2+nV/I1zWczAwtMr0rF5b1GTjZY11lLxS9NzM6212zHliYvD2fqvD1mXpdlNtELG7seM/rI/ma8VsQ04OxvFrXu6K+spPo2/xNee/gZGJhaisOeTpkLKPdz5bLISfM/Tp4dzxRkLUbo05vNVbL/qRj0lt5oRM+6SL/AJmtQX1WDRs210cpeb82Y8msixcsXXjqSjCK6yb26L1kzPv0nJycrHxMauVtbfLXGpb8zb/q/N9jsHA/s6hpcq83OhC7Ukvhj9qFHon4y9TN8kVj7z4WK75QPBPsxnm+51DXqZRri08fD8lt0lI7XiafXjwhFQjGMElGMVtGPyL2JirHrW+zm/tS8zIJWkz6reSba4qqgAerJsNgAAAAAAAAAAAAAAAAAAAAAAAAAAAAAAAAAAAAAAAAAAAAAAAAAAAAAAAAAAAAAAAAAAAAAAAAAAAAAAAAAAAAAAAAAAAAAAAAAAAAHK/alx/DSsf+CabZvnXNRtlHq64Pv+pP+0PjnH4Q0iShKMtRui1RV3a/M/Q+dp3W0xlqedKV+flbyr9493HfvN/0QarOpiW75PDuPl4iydMisfMugnNye+72/qyDydNyNJm7cnGja7Ics5KKcV1+JLy7dyT4MzLvc2YuTZKWS/rHu9+SL7L9TaMvFpzMV0WxU4Pc6K4a5KxNX6S3RUz4q3x8TLRM/UL51RxNJw5UY0XGUo1vdy6d5PvsW9J4Py9cxbMj3kqrVLlra3XPv33Jezh/VatTrxtMUbFlLlio7KUV07+S9TqehaLkqmqqzZ2RSjOxLZR2OPLM457Y8vh5sHw7zW3siuA+B4aNQoWWStypPmssf2Yflj6nTKKIY9ahXHZI842NXi0qqtbJd34t+ZkEx49eq3Mue1t8QAA9GQAFAAAAAAAAAAAAAAAAAAAAAAAAAAAAAAAAAAAAAAAAAAAAAAAAAAAAAAAAAAAAAAAAAAAAAAAAAAAAAAAAAAAAAAAAAAAAAAAAAAACD4o4mweFtIsz82fRdIQj3lLyRnarqeLo+nX5uXbGuqmLlJt7dkfM/FPEuVxvrNmRkzdOl4z3jGT6Rj49PGT6FiBmaxtxdq93ENc78qMl8GLKPxOUV0ivyrruapP39Vjzs6D965fV1S3TbXjs/BeRdxs6+OZHPptsxsfFfLUoS5eXyivn4m4afxLoPEOH9H4jwacTMumvc6hGLbXzS8DHdqfV4ahrGhZr03Uq7bZSlbdJKUU/PsdPUuRKKi5OTUYxXeUn4I57rXDWZw/lOatjl1zf1WXR8UGn133XZ7eB2XgHh+y6ijVs+MnywSx4SXXt9p+v+ToxZopExD7PR/qFcPTWi3mPCd4b4cWDR9Kylvm2r4pPvXH8KNkrqhVHlhFJeh7KnjPM90+Xx8mS2S02t5kBQqgwoCrKBFQAFAAAAAAAAAAAAAAAAAAAAAAAAAAAAAAAAAAAAAAAAAAAAAAAAAAAAAAAAAAAAAAAAAAAAAAAAAAAAAAAAAAAAAAAAAAAAAAAAC3bbCmtzskoxS3bb2PTaim29kurZxP2ke0GOTrNGh6bY5Y9diWRKC+2/wAKLEbapXutFfqiPabr+q6/rz0quqdGBFqSk/szivvN/hNBt5MmX0bHk44lPxTsl0Un4yfq3vsjp+dplebRXXSpyps297XKW75fwxk+yXkQGfwFkX4N89DuruxafjyIyaV3TtvHxSNzWa+XT1HR5MHNvDSZSjaoRTlXi1LaPnJ+fzbPSirIu6yO0V0jFdvl8v7nqUN7XU9411Pr06//ALb/AG2J/hPh6/ibWa8eEGquzWz2jExMORuvsm0zV8tXe8sjLSpP467o88XL8u/Znba641VxhCKSikkl4Iw9I0rG0XTqcHEgo11x26Lq34tkglsYisR4WZ2MoVZQ0yqAAoAAAAAAAAAAAAAAAAAAAAAAAAAAAAAAAAAAAAAAAAAAAAAAAAAAAAAAAAAAAAAAAAAAAAAAAAAAAAAAAAAAAAAAAAAAAAAAAAAAABpXtA43o4U0qXJOLzJrauHd7+AEB7VOP/4NiS0jT57Zt0WpzX3Y+hxBzenVubblqF8W+vV1xfj/ALmbVfxTRxBg4k9dxseOdGX1GX9nn37SkvFJkJqOi5uh2PLzGrrLZb02RfNGXlLdfPohExvS8xO4bpwtmOek1Y9k5PIqXLbJvfZ+RN8koXRnROVV0XurIvZ/r5r0ZzzhHOWFqKotnKVmV1jFdl+Z+p0Wc41Rc5vaKW8j6GKYtj9T9h02Wufp62t9OUZqeh4vE2dGGXOvBzp7KF9Vf1V0ku0ortLt1Ol8EcI08LaYotRllWpOycV0+SMDg/h+c5rWM6HLJprGqkukY/ia83/Q3pHBaIi0xXw/L9XGOMtoxeAAGXMAAoAAAAAAAAAAAAAAAAAAAAAAAAAAAAAAAAAAAAAAAAAAAAAAAAAAAAAAAAAAAAAAAAAAAAAAAAAAAAAAAAAAAAAAAAAAAAAAAAAAAAyP1fVMbR9NuzcmajXVFybb2AjuLuKcThfSZ5WTNKbTUI+Mnt4HzTqepW8S6nkazqs5RoT6R3338oRXy7nSdfzMXjrRvpObjyq7yx8iDe0Y/mj6nM9T03I99GqyEqtPojzRk18PL4y38ZM148vXJhvjn1Rphczy5yz8tJUxajCCfR+UI+i8SZ0DjDUtBlZbJxyMS7ti2RTi1tt0T+z0IOc4X2OfJ7vFpjywgvBeXq2+55T9/N3WR+ri9ox/t8jM135ee2626Pi63J6pwrK76ZKHvbMSxpTrb7uPmvQ6FwfomTrs6sjUKZVYWM1zV2R2lbYu6a8kc+9nXC+fr2uRyabLceqlqU7oPZx9F/g+kaao0VKCk5bLrKT3b9WK2vHp9nvXqb0pOOs8S9pKKSSSS6JI9IAOcAAAAAAAAAAAAAAAAAAAAAAAAAAAAAAAAAAAAAAAAAAAAAAAAAAAAAAAAAAAAAAAAAAAAAAAAAAAAAAAAAAAAAAAAAAAAAAAAAAAAAADzOca4Oc2lFLdt+AFvKyasTHnddNRhFbtt7Hzp7QuNsni7VVpmnN/Qq5bJLtOS67v8qN44v8AaFomRq74dzYXPDmuWzIx5byhJ9jk+uaVDR5X4+mWSy6rJcjvh3it+kPR+ZYnRHnaf4a1uFltejqbtjGPLCW3SW2+7+RtFlFEovGli1ZGJJ7yon0i35p+DOVYV0tLyq66ZP30pJXTj1cVv1jH+51bAvrzMeE6d+SS/wCx14Yres1s/TdHbH1XT9mSNzDVeIuC8eyl52gzlGilc1+FY/ran4tfiXyNY0vScnWtTpwaKJStlJQhHy9fQ6xk0UwpldZP3SqXMrF9qL/v8jdOEtEhGmrWMzTqcbULYbbwW0nF9nJeEtvI8MtJpbT5PXdJXBb0zxKT4X4fx+G9EowKIrmit7J+MpPu2TYQPJ88AAAAAAAAAAAAAAAAAAAAAAAAAAAAAAAAAAAAAAAAAAAAAAAAAAAAAAAAAAAAAAAAAAAAAAAAAAAAAAAAAAAAAAAAAAAAAAAAAAAAAAABRtJbt7JHKfaf7Q46XjLTdNnvlWN80k+kYrxNk4342o4axa66nCzLtmoQg34vz9DmPFej6ZqFlerV1Tq1KXwzxpS3jdLbdOL8F1ZY+r0ritNe6I4c9dn8Ph9MvnKedcnKHM93GL+/L1a7F/TNVu0BrJ6W22rmlRPquXvvL1Zh2wtruszNQhJWSnyxg1s5SX9kWoSlvLJv+OUm+WL6dfP5IsxthukNC03iKmVvDfNRqsouc9Pumk/N8jfd+h64Wz7NMz1p2ZG3385qMoyltGqK3NKputxrY5cJyhkOW8JRe0k/Pc6vwHp9fHFU6tX03ezGSf8AEK5cspb/AHZee6W4raaS6um6mcF+6rbOFdKev50dSyIy/huNPfHjJbK6a++14peB0hJJbItYuNVh41ePTFQqqioxilskkXha02ncvHPmtmtNrAAMPIABQAAAAAAAAAAAAAAAAAAAAAAAAAAAAAAAAAAAAAAAAAAAAAAAAAAAAAAAAAAAAAAAAAAAAAAAAAAAAAAAAAAAAAAAAAAAAAAAAAAAgOLOJcXhjR7czIls1FqEfN+Bnaxq2No2nW5eTNRjCLfXxOGL2l263rmRjangVZmjWrZwmtpVR67zUu23oPvI03N1PJ4h1ezV9QtlGuD55NvdR6/DGPq/7G08OavLX5ZVWoc00pc0Y8uyhFLp18zXtRwI6pJfwaLWmVScnHxh+aXn6GHp2pfR9RrhTKVWHVJSmo9XP1Z6Vt6vs7/0/qPh5YrafTLoedpGn6kox1auTogtoZFb2nCPlJeK9TSOJeF8vQ8hZNrjfp1y3xsiraUZx8Fuuz8zo+FlQzcau5R5VOPMot9Un2LGTXDFrjJUq2qyai8JreNzf4V4S9T3yYYivdV9Hrf06upyYuPs5xwzoGbxLrNWHjQcveP4pfdjHxb8klv+p9P8P6FicO6TVgYcFGMVvKXjKXi2/Mj+FOFNP4dpstw8V0WZCTlCcuaUFt23+Zs2xyb2/PgAAAAAAAAAAAAAAAAAAAAAAAAAAAAAAAAAAAAAAAAAAAAAAAAAAAAAAAAAAAAAAAAAAAAAAAAAAAAAAAAAAAAAAAAAAAAAAAAAAAAAAABauvrohzTnGK32W723fkerLI1Vuc2lGK3bZw72lcfu7UHpeBN+7rnGFkl126rmS2+9sWI21Wu7REywPaprmsZ+pLTHjXVYsp/DLkfLavBJ+Xi/maBfP3NS03FfNJvlvlFf6k391ei7HUMnOu1DQHg0TdkGt3XJpzqi0/svwfTszQtS4ey9Ew3k1Rlcppx54rd0rye3aXqXtmHRn6XJg5tHH1YWFq2VoWTCOmWRd6l9a9uaNj/C0/umzrE0PjDFlj6bCjS9b25p1uTjVft3Sb7PfwNIUFjx5Un7yT/WMf8AJ5SeOo9frH1bXTlXgiane4c0TpunDmfPSNSlpmdVKqyW8rbJy3eyXaK8jr/Bmgztcdb1CvlnJbY1Ml9iL8X+Z9DUfZppV3E2CnreBVdRiSj7rKk2puSe/L+ZLx39Ds8YqKUUkkuiS8DU5bTXtdeTrcl8UYpniHoAHm4wAFAAAAAAAAAAAAAAAAAAAAAAAAAAAAAAAAAAAAAAAAAAAAAAAAAAAAAAAAAAAAAAAAAAAAAAAAAAAAAAAAAAAAAAAAAAAAAAAAAAAADR/aHxnHhfS3GuLeRbFqDXbm/86liN8QMfjPjHS6spcPTzvouRfF7ZHeNb7LmOL63oWRwpm2ZGXZVl2y+LGsrfNGTf/Ul6oiXOWZffq2p2SshKe+2/+rJdor5F/E1adsrr9UcrcFSXPB/aT8Iw+X9i+PAz+FdVem3Sty7Ixhkvfmn1lLbfd/I6Cl1V9c0pyXVbbxnv4SXijQc7hyebCWtaVdDO02C5pKHSdcV92UfDbz7E5wtrrz63TkzlZk7SlJKO0YxXZL9D3xTEx22fof07qK5cfwcvKvEHDONqMlmaZX7jUrOs8NfYnLvzQf8A8e/Ug+EOD8ziHXfoU4Sr5X9dKUfsR8W/V9kb/lycqoUU1O3MyJKOPVFdeZ/e9EvFnUNE063A06mOXKFmb7uMbrYRS5mv6mMtey2ol83r+mpgvqs/syNN03G0nT6sLErVdNUUorxfq/NmaEDxcAAAAAAAAAAAAAAAAAAAAAAAAAAAAAAAAAAAAAAAAAAAAAAAAAAAAAAAAAAAAAAAAAAAAAAAAAAAAAAAAAAAAAAAAAAAAAAAAAAAAAAAEZres42iadZl5EklFdI7pN/zCxG51CM4w4pxeG9NlZZNK1rdLxS8/wC36nFcDjy/VcrMWu4VGbpMk5SjZupUJ9lGXmSnGulZ/F98dV0vJVuLXHeeNZLlnX135mn3W3ijnGVN3uvTsGLdUZdW1t7yXjJ/L+hrxC2rMcTCT1PTnqlyy9P3jpNacYpf9GPdp+cuhC2TeXOMK068eHWPovxS82+5n6frORo+Qq9NlGytPa2ElvG7zT/KbHPSNI4rxbFoUo4mrxblbhzntG7bvySfdb+HcePKNc0vWs3SdRhkabZ7tQ6ckusZR8eZeO5sVVGNxnluzSVXp+oy6yxYy5YW+bj4Lffsahfj2Y10sOcJRtT2mpLZuS7o6/7K+AYzVeu6lVvWpKWNCS+0195ry8v1ZNzHMLW9q2i0Ny4G4ZuwK3qmqxj/ABC2PJGHdUQXgvV92zdgkopJdEBMzPMmS9slt2ncqgAjIAAAAAAAAAAAAAAAAAAAAAAAAAAAAAAAAAAAAAAAAAAAAAAAAAAAAAAAAAAAAAAAAAAAAAAAAAAAAAAAAAAAAAAAAAAAAAAAAAAABbssjVXKybSjFNtvwSAW2wqjzTlGK85PY+dvaTxNna3rT0yNdtVMLNlDb7b8Nv6kr7UfaDLMtlpGmWyjXFfHZH18E/M1y3iub0WnT9arqsznFKvLcd7aYbbLmfi/XuarERzKxxO2foWrQtqjol105ZPK1K+ElFVpJfCmu6KahworKrIYc4x1GyOyk48sbI+MV16SZrF+nZPDvu8u2PPKz4qJxfNFR8ZNrxfkbzoOr16rgxlc4q+ScvdeaXZ9ex7ViL+mH2emrj6ynZbi0Ob5eBk6PKWPk1Trypx+zJbcsU/D5lmMpYcoyrk4ZEfiUovZx+T/AJHXdRxsfU9PWPqldmTGtN0ZMVzW0ennKPo+xqOmez3Vc3W8XHjV73GvlzQy4revl8ZN+aXh5mL1mOLPndT018Fu20Np4C0KPG+P77W8CTljSShmRfK7Umt4y/F8zttVNdFUaqoKNcVtGMVskjE0rS8bRtMowMSKjTVFJdOrfi36szzx1pzAAKAAAAAAAAAAAAAAAAAAAAAAAAAAAAAAAAAAAAAAAAAAAAAAAAAAAAAAAAAAAAAAAAAAAAAAAAAAAAAAAAAAAAAAAAAAAAAAAAAAAAACjaSbfgct9oXtGlo7jjady2WNvmi30lHs/wBDYuKuMcDS7Vp1jlOdy921XL4k5LskvFLqcU4i4ZyMXIlrGTlxzNPl1jbF7Sb8IOPht4/qarXcblqa2ivdrhezsPQs7Ejrmlxtqzbk5rT7/Ga23kvNGnxg+azPzeaTUvhi+85Pw+S7/JHqF1mXl/S7JuqupJuUeijFPpGPr6E/TPTuLoqm9w0/UILlhPflqnHfs32jIc75ZYekcQ34sbatRphlaZJ/HRJ7NP8AI/Bk3k6bTVzcQ8NZU7cFx2tpls7qH03i15epres6Tm6ZqLwsmqVUa1vBrrGS/En2ZbwM3Kw8yFmnzcFB+PWMl+aPivQvdNeYbxZLY7Ras8w6LpfENWo0ynTVKy2Mo1V1r7Vs2uy8jq3COgT0PS5fSbHPKyJu21LpGDf3YrwSITgbhvBspx+IbdL+h5l0G/c7bRTb+0o+DaN+QyZZvrbq6vrb9RFYnjSgBXYw4QABQAAAAAAAAAAAAAAAAAAAAAAAAAAAAAAAAAAAAAAAAAAAAAAAAAAAAAAAAAAAAAAAAAAAAAAAAAAAAAAAAAAAAAAAAAAAAAAAAAACD4g4hwNEpiszJjRK1NRk3tyvwbM/UdSxtNoduTdCqPZSm9lufOHH+VrWr8UTry6pRr6e4aXwyj35t/I1Wuxa4n0/XZcRWZWoSlXTKTlHKi94RhvvvGXi9n+5I4GpY/E8ZUx3pnTFKKsl/rLbrzR/TuQMOI74YsdAhZZk6dH4Zxbbcpb7tx37JPsvQu5enX6HTVnaVZDJxub476vi+L8DXdbGot6tOzpc9cdu2/NZ8szW+FLLKYy0qDlVCS95jL7cZbfaa8V6mrXRlXKWHFb8snGe/Ryl4p+SR0vSdThqFcVXY45tcYynKC2dcn4J/wBi1xHpFWrv3vJGnVbfh+kR6V3f7uvwyPW2PUb8w9+q/T5xx8TFPdWWqYnEMLsSrR9Y58nBj8MbUt7KW/wv8PozoPBHsyrerValkZFWXpkYq2lx6u1+CkvBLxXmahwj7P8AUNX4i+h5VNlFdW0rpyi1yx38PNs+j8DAxtNwqsTFrVdNUVGEV4JHPP2fNlkJKKUUkkuiSPSDCIyDcMoFVAAAAAAAAAAAAAAAAAAAAAAAAAAAAAAAAAAAAAAAAAAAAAAAAAAAAAAAAAAAAAAAAAAAAAAAAAAAAAAAAAAAAAAAAAAAAAAAALGRk0YtMrsi6FNcVu5Tkkl+rNQ4v9pOj8L8+PGay9QUW1j1yT5X4OT8EfPfFfGmscVZbnqGW3WvsUV7quC38F4v1ZutJnmSeOX0s+PuFIqbevYPwfa+tXQwsT2g6Tq1869Im8mqpr3+TJONVe/gm+79EfMmh6Nl69qSwsSG838U5y+zXFd5N9kdB4tjZw9w5j6VovxYO3LblV77ym/tbv8AE+3XwLNa71HkiONrntN13VszWKqYRk8RzjKmytNwtW/w8rXh/wBzJhqb1fRXp9fubsiEPr8fd71p94wl4fLsatp3EuXoGk/QsrbJqu+KFFkd3THxkn3Te55xsW7QYLXcSVluNZLlhHu5Nvd83yXh6lrMRw6emyVi3beN1lj6noeTw9jRujvP362jZFdIR8t/xPx+Ri6Nq+Vw/wA19e1iu6OifWE47rdyX9Do2nZePq2myy6lGULd42U2LeMvRrz79e5AcQ8JY04S1TS4zhCC+vxLJbyj0XWHnE3bHpvqejvg9Vea/V52wtRktX4dU8bKlLmv0tP7W3eUX95d+3oTeiandr8LMWnG/wCett91GmfXl/NLyS7nNsGebPVKp4spxujJKLi2mpeCW3jufUHC2hywsKnN1CimOq21RV9kI7N+PX18zPxbV3C4euyYqTWOYlI6Jp09N0zHxrr5X21wUZWS7yZJMqNjxcczudyAAIAAAAAAAAAAAAAAAAAAAAAAAAAAAAAAAAAAAAAAAAAAAAAAAAAAAAAAAAAAAAAAAAAAAAAAAAAAAAAAAAAAAAAAAAAAAAAAPE5xhFzm1GKW7beyRzDjH2u4umWWafoEY5ueltK3feqt/PxLFZnwtazM6rG5b9rev6Zw/gWZup5UKaoLfZv4pekV3b+RxXiv2w5mpwnj6VGWn4T6K2T3ut8+VfdRz3XeIs3Vcp5WqZcszLb+GMntCv8A2x7Igp2Tvm52SbZ6VrWHpasY/m5n6L2VkyyJSSjKMW9+st235t+LLmBpuXqViqw6ZW2tpKMfN9lueMLDtzciNNK3k+u/kvFna+H9CxOH9D90rVTqd1TlVKyUVyyfTeS7+P6C1vaPLy5vPKKhok+FeEr8PSpRydWl8Wa4Jc0I+cfOK/qiP4V1t4WmSqznCtzny1Qv+JZDbfWUX5PxIaE9b0PXL8/UbLapUy+Kb/6j8IrzTPblPjXUlbW442VWltGKSTinv09exO7tnl74cnZb1RuJ9nrV+HL78nI1WzGlCqD576YNy3fgo79k/wCSInR9bz8TNutUoPGlH6+ia3rlBfd28+2xteja5N5y03LVtdtcpKFsn2SXXm3777N7EjqfCWFrmDOWnpY2oqXvElsqcnzSa+y+vY3FN8ujP02qfFxc1/wjsKGLnVLVeGJSqyaYNZGn3z7R3+1Bfe+RL4Gr4OsRjta676IqxylHl5H4vr4d+/mc2veTpWbKmHPVk0vab6qSkvBeaR1fgbQ8TjJLOzsOWNfjyjG+WPtGrKS68sl59FvsWMs1jtmNr03X2x17LxuraOEeF9MzrsfiS3TVj5Sb5dltG19o2cvg9joK8TzCEK4KEIqMUtkkuiPaOeZ3y4bTuZkG4ZQMKgAKAAAAAAAAAAAAAAAAAAAAAAAAAAAAAAAAAAAAAAAAAAAAAAAAAAAAAAAAAAAAAAAAAAAAAAAAAAAAAAAAAAAAAAAAAGLnahi6ZiTys2+uiiC3lOySSQGUaxxRx1ofCdO+fkqWQ18GNV8Vkv08F6s0LW/arm6x7yjhmEcTDi3GzVMqPTb8kfFnKtUuxasyzJuvvzMifxStvlvKb89vBG4rEfM6cXTXyR3TxX6yneKuPNb4ulJX3S07Sd240Vy2cl+Z93/Q0q/UYwi6sSEYV+Ml0lLzMfNzbc1r3j2S7RXYxVE1vZky1xx24o/f3l6Scn3L9FE77Y1UwcrJPljFd2y3FdP/ADdnU+COEXgUWarqFUm4183Lt1jHxXzfbp2TEzqNuSImZX+G9H07hHS46rq8qpSltKMJPf3j8N/RfuzF1rTcrWs6HEOi59d1O3NZCUkp0ru1yv8AsXLeINI4zyJaXqVd+NGLccW2CUnDbfo0/A1XUbr9EyFgafc7aIvrfHvc/VeC9CRx58vSttTEw2GWp1cX4v8AD4zl7ujl3jdHZx8OZb9f0IHVtDzdKnVjYkZyrb5o217p3S84teXZIzYYNWbjSlpM3DVoqM8ihvd7J77Rfd+ps/DmozvrqpzMeEs6bdixZbrmjHpzJeEvkarEy7q1p1Fdxxb/ACisTM0/UcZ6br9co5s4Kr+Iwjs4S8IT2+1smkzLeo28M2W6ZrE/e1e7iq5VfFGUU9k1Lx6dTM4po+gUy1TDcbKro8s8ScPijJfiXp4SXfYieG82rWpxwM7T/pFV00u28ubwcX4PzXYTknHHMPHDmvgvqP3hsNXDeBxBlwxJxlZa6XbVlVw5pQi+ym+z79NzrmhaVjaPpNGHiVRrqrikkl1b8W/VkNwloOPpFFtNbdkpTbtukvil+FP5LobYlstkeE2iZ3Hh5Zr1taZrGlQAV5AAIAAKAAAAAAAAAAAAAAAAAAAAAAAAAAAAAAAAAAAAAAAAAAAAAAAAAAAAAAAAAAAAAAAAAAAAAAAAAAAAAAAAAAAAAAeZNRTbaSXdshOI+LNH4VwvpWqZUak/sVrrOb8kjifEvtC13jKEqcHm0jR3F80nL6y1fNdevoaiu+Z8LWs2t21jculcW+1DStCbwdN21PVX8MaKHzKL/M12RyHVNVz9ayll8S5bzLIvmhgVz2oqX5tujS/yRMLsbSsWUMb6qvvO379nzZr2bq08jeFXNCvx2fWXzN1mP5X0q9Lj6evf1HM/9f8AaU1biCUmoVcsnBbRjFbRr/2o16c52Sc5ycpPu2WyqGnHn6m+edTxX2j2VKo8t7HqPNKShGDlKT2jGPdvyHhzTDd/Z9w9DVs2/MtnCNWKuacpx3jBfie/TfwX6m4a9rmpUZWJmaLVHN0amXX3S3k2n1Utuz/qaVpHEkOEKp6Tk1LMpydv4hWpbKK225Y/mW/80T+RiWcLafZregZFuXp2Q48kZLb3KfV+8j169luY7udz+z0rqF3iWjG1DEeTpWBXjajfFO33bXw79XFr7rZrekZ8NIgsXWMZzjdtyR2+sp8OeL/sZ+m42TRTkcQ6e/eVSTd2PHrLm5lv/wC3ffr6GwVabpfGNKysiSqsi0p5CXKvD4Zev5ka1vy65w1yV78XmPMf6QmNwtbp8Y65iX2ZOFBqdVtKbUnv0lzLqtuu6fc2CGZVrmKsjUb41Z1MU8XU8NJKb7cstu0jHx3qvDHEE8eVkKsX3fw1zT+j3Urum9u7/EYGp4F+bd/EeHYSqxYSblix6yg5PrLb70X06+hqbdkbny5K7ifulcDW7rs94GrYqhkU1Oay7H8Xmk9+6kv3ZtOl6TgaTZRn14Kx87Kr3rob3VSb6yS8G1t/MhtLyqMThx6prsaraMWaWMpR+OyxPmcY/l36bduhI8KTytd1yjKy38du9rj3UY+EV+hy2tOSefZ75ss5IjccupafQqMKuPi1vJvu2ZQS2SSKs3DmAAAABQAAAAAAAAAAAAAAAAAAAAAAAAAAAAAAAAAAAAAAAAAAAAAAAAAAAAAAAAAAAAAAAAAAAAAAAAAAAAAAAAAAAA0Pi72qaBwtCdXvlm56fKsehp8r/NLskWKzPEDdcnKow6JX5FsKaoLdznJJL9Wcj4r9tEIZU9M4Vojl5D3j9KfWKfnFeO3m+hznX+Idf45vlk6rkyxdNfWrGhvy9OvSPi/VmLXCnDpcMeuNVbXLKTfWXzZrVY5nmXb0vQ5Oo9Xiv1Xcv6Rn5z1DXcueoZz2fLKW8IejXjt5djC1HVFQvrJqVm20YR7RXkl4Iwc/WIwbhjPdro57fsiDnOVk5TnJyk+rbLM7duTqcHSRNOnjdvquZOZdlT5rJv0Xgi0mUCEPj3ve891p3JtsV38mUZRiZYens1yt9WTFaWh4scmfL/Ebo/VRkt3TD8TX4n4L0LeDVVp1C1PMipbvbGok+tkvxS/LH9+hZoplqN92dnWyjRF819vjJ/hj6tbGZnYrhV1UQ/ieXFzinvVU31unv3f5V3fmSvDPEeqaVqV2dG9rGlHbJrmuau1PtFx7dfDYiJWW6vnLZRqrit4R7RpgvP5Lx8yl83kSqxMOuUqovaEIr4pyf3mPZXTdPoq1i6vW+E8h1Orljk6fL7VMX32j96Pc2qrEqzKqp6Vixxsypubx7W41ZO66peT6eJxyGqW8L5VdOlZO2ZS4yyL6/GXdwi/GK32fmdUwuJFxXobwKHTh6+oc7x5dI3LxcH4S9GWtpid+z0pea27oXMi/A1zAek5N7rdblJ40W+atruoSfVpPwfcweH+H8vh/O+kX5Ea9OhCVksrp9mL+yk+0n4njSKJ6zmcuXizw9YxYSUciMftJd+df39DX+NOI6766tB0yb+i0N++u8b5/ebfluZyT321Hn3euXJS0RaI1ZgcT8S28S63VClOrTqpclMNtlFb93t3fidk9n1Ev4pZJRXuoU7LzXY4zCiT4KjbTjQ3xc+LuvcvilzQfKvl8P7nafZ9enlJp/DdVzL17FtTsiIjw5t78ujgAxAAAoAAAAAAAAAAAAAAAAAAAAAAAAAAAAAAAAAAAAAAAAAAAAAAAAAAAAAAAAAAAAAAAAAAAAAAAAAAAAAAAAAFq66rGplbdZGuuK3lKT2SXqwLpE69xFpnDenyzNTyY01r7Kb+KT232ivFnN+N/bRhaapYPDrhmZTTUsh/6db8l+J/scgvhq3EGV/EdfzbZRlu4qyW8pLvtGPaK9T0imubNUpbJbtrG5brxN7Xtc4nnZp3DuPZh4z3UrYv62UfWXaK/c0ynT8fBbuypxyspvfml1gn6eL+Z7eTCutYmFXGMPvRjvt/7n4vYwMnNhi95q3Ia7/dT+Qm3tD7GHoceGvxM87/x/wDbPvzVCErbpuK8N31fyRr+bqluTNpLkr/D5/Mxr8iy+bnbPmZZ5vQy8Or/AFG2SPh4vTX/ACNlEU7sqkV8yfqqU8SrKDaPTfQztOwqrIzzc1yjhUy2kl3sfflj6/03LWn4Ms2+TclXRTFzutfaMV/dvoXsrIlqeVTh4dTjjV7V49W/r1lL1b3bfy8iTOxRzyNb1F2WOMIxjzdPs01rsl6LovU85eS8uVWFhQl9GrbjVDxlJ95S9X+yK519OPQ9PxZc9fMnfYv+rJdkvyp9l47egcv4bRypNZk4/E9+tMWuy/Nt1G+NwKZM4YlMsGmXNu/r7Iv7Ul91PyRnf/QcOufMv4jkw5ox/wDQrfZ/7pdX6LYxsKiGDhrUcmMZNvbGpktlZLxk1+Ff1ZZog83JtzM2cpUqXNbLf4peUV8+3ohCrmJXDEpWffFTl1dEJP7cvxS9F39SmFK+Wa82d84OuSnO2L2lv4JPzPMnfqmd0SW/aP3a4r+yGTdCW2PQmsevpF/jl4yZffQ3jI9p2p6jouXjWV49OTZBQeTCG1lkPCLf9WafV8Xxt7vx8zDjHx8fEzdPg7MquKi5NySUV49exqtKxvTM8uu6XoMo+xLVrvdyTuSvjzR25uWXRrf0Wxc9k2tQyK6q5SSuxXyyXi4y8fkbJ7TrJ4HswqpoTqhKNVcoLp8PT4X6HAtC1fJ0PWa87FslF1d1v0mvwstp3Tk99PsaMlKKknumeyB4Y16nXNGxclL3dlsFL3cu6J48IaAAUAAAAAAAAAAAAAAAAAAAAAAAAAAAAAAAAAAAAAAAAAAAAAAAAAAAAAAAAAAAAAAAAAAAAAAAAAAAAAAEdq2tadoeHPK1LLrxqYLdym+/ol3b+RwrjL2152oTtweHYyxMaXwrKa+tnvt1ivumq1mUdX4t9omhcJRlVl3q3N5XKONU95Pp4+RwbijjziHj3MeLWpY+FF7rHqntFLznLxIOnRrsqz6Zq9lkVY1KUJS5rbd3vvLf7KL1+qU0Qjh6fTHb8MOyf4pPxZqJrHy+XZh6O+SO6/pr/efxCtOJg6PH39045OTHrzP7EX+VfefqeJ35GdzWWTlTQnu5SfxS/wAGNKMMZLJzree3b4YeEfkiMzdQtzJNNuNa6KP+TMzM8y+nbJi6Smojn6e8/n/TKytThGEsfDXLFd5PuyLlu3u2235lA+ofIz9RfNbdp/ZRgIB4KbHuEJWWKEduaT26nnruklu2Z1daxocq63y+KTX3fQRCbYt9E6JuM1+q7M9YWJdnZdeNRDmnN/pGPjJ+SXdkpZpudkY8Z8vNJ7KMPHqecuUdJxLNNoaeTZHbLsi+2/8A00/JLo/Xcb9hYz8qn3a0zT93ixkpSkl8V0l2l8l4L1Pd+2j0PHW30+2G104v/Ri1vyJ+D2e7fqUocdJxY5Vi3zLutFe32I+M35N9kvExsWqDjPOy95VRlv16uyTf2f592T2HuiuOFjRy7IqVkulFcuqW3Ryfp22+Z7wcaGRZdl5cpfRqvinJv4pyfaMX5t/sW6K7tWzm21GO3NOTe0a4x7v9D1lZMsyyrDw4f8vB8tNfZyk/vP1fQoW2ZOtZ8W1GEUtlFLaNNa7/ACR4yb42OGPjxfuIPlgtusn+J+r8C7lyhiVPBpmpS732R+9LxivRCrl07HjY9ll2x3hHbd1x8JP1fgNq93W/Qsd4VTXvZbPIlF93+Fei8TBT/wCwfxPr/wCf+dyqNRGklfqg5bLzN49nmlU5nGWmVXx3r95zbbfaaW+xpuN9uP8AM717IeHVThW69lVxblvHHb7pdpP9S2nhPda9uere40vC0yMulk/eTivJdjiGFiSys7Fxtt5WSUpfLfobl7SNZjxDxrbCEuajFXI/J8r3b/mR/BWIsrWZ5binCpNxTX8thadViHrWuqd0+/h2ngfFlLLhFLarFhtFerOiGs8GYf0fSHdKLUrpNrdbPZdjZjyYAAAAAAAAAAAAAAAAAAAAAAAAAAAAAAAAAAAAAAAAAAAAAAAAAAAAAAAAAAAAAAAAAAAAAAAAAAAANW4s470XhDH3zr+fJkt4Y1b3nL/C9WWImfA2adka4Oc5KMYreTb2SRy7jL2zaXo8bMTReXPzovlc0/qoP1ficr4v9p2u8WN4vP8ARcGUtlj0S3cl4KT7yfyIHG0ONKjbqUvdrZyWPHpKS/N+FfuaisR8zePHfJbtrG3vO1HW+MdQsyMvJne1LmlKcmq6k3vsl4L07l+qGBodPPBRtyUut812/wBsfBevcx87W4VRWNiQhyxXwQitox/TxfqYkMOVqeVqE9ovtGXdr0La0z+H08HTUpPHqtHv/LC7PKzNVtbi5Qpb+KT7yXnuW7MrG02Mq8eKna/tSfmY+XqjlD3OMuSrtul9oi9231MGfrIpMxSe631+n4Xrbp3Tc7JOTfizwUDLt8u1ptPdadyAoAy9IoxvsZOBirLylGTSUU5dfQIu41Spq9/YlzvpCL8F5sk8DDeRbKySUa4y6N/eZapwnlZUoqScIP4pLtsbPBQ07EryHFe8ktsev18JNendeomdDxbOWDQ6oJfTbo7Lp0pj4/q9/wBiKlpGPCh59qdkY7qMG/8AWl4b/lXdkji47nz35E9oJ81k313/AC+r/wAs8t26hlKTioxitoQ7RhFCBqX0e7PzbLclyUV8Vsn2ivJf2R4tnbqWVVj49TUd+SmmP8uvq/M2LVMeGVV9Hx5csYNNyX35efqR19ctColSo7andD6xx/6MH2ivzNdX5biBj6jdVi0vTcSSkote/vXa2S7pfl3/AJjb+F0LmX/O3R35f/Sg/wD5Pr+haxaY4dKzb0pS32oi39p+MmvJdv1LdUZ5l1t99jUY7ztsffr/AH9BoXMTHrrr+mZCcoRbjXD8cv8AC8SxbKd9jus6yk+p7vueRYto8tUVywiu0UeYr4eXw8CxBMvKT8j3GDckV5fUv0U8737+hpJlMcMaLdretYuFUut1kYuT7RXi/wBEfQ3Gmp4/BXAUqcb4JuCpoUdlvLxZp3sg4WtpynrGXjyrhVFqqU1tzNruv0ID2q66+IOKK9PonKWLiraUe0VL7zJWN23PiG6Um9orXzLQ0p14NuRY27rpcq37vfudA4D0pvEpgv8AUvsXVLrsaRkQ+kZ9GHWvhi0vP4pf9tjt/AWmr6fXstq8Wv8Am+xm07dHU6i3ZXxXh0fGpjjY1dMFtGEUkXggZcwAAAAAAAAAAAAAAAAAAAAAAAAAAAAAAAAAAAAAAAAAAAAAAAAAAAAAAAAAAAAAAAAAAAAAAHltRTbaSXVt+AHowtR1PC0rEnlZ2TVj0xTbnZJJfp5mgcZ+1/SuHp2YWmxWoZ8ejcX9XCXlJru/RHBeIOJtZ4q1D3+o5FmRZJ7V0xj8MV4KMV/g3WnvbhHTuN/bZZfXLC4X3hCW6llzW0mvyrw+bOVU42oa9kWZNk5ye+9uRdPmin47t938iQxuH6sKKu1efxpcyxYy2kuj+2/BduhY1HXueCpxoxjVHpCMVtCPyXn6ltaIjVXZi6bURfLPbX+8spTwNCqSx953tbO+f2t/KK+7/UhbszK1K5wrTSk920+n8ylGHbmy97dKUYeM5eJcv1CnFrlRhRSl2lNLuYmY/d3aiKbmO2n/AMpe4wxtJipWONuRt0W/ZkdlZluXLmsfT8KMeUpzk5Tk5P1KblcWbq5vHZSO2v0/2oACuMQffYowiCoBcox7cm+FNMHO2bUYRj3bfZIRG50M3R9Jv1nPhi0bRb6ynL7MI+MpPwSNj4h4YWk5WRPTHK/FxqIztm5Lma7OXom2mjOo0x49K0PBkpTclLUstfZi/wD00+2yS/Ump5GmT0XOqhP3eJZKMr7U+aVkYvot323kkkvkJtETpe1pWht49N2dkpvFi1Hk7O2a68sfl4kpRK3U7/pMpxlKa7t9K4+S+RG6vi52ZkVTop2pi1CqqH2Yp9e/m/FmO9QhhQWDjtSUXvfJffkvBeiJxPMExpNX2rIccelNUQe0dvvPzfnuxbONEPo9e0py62y8l+EpCccfHU4NO62Pwpd4LxbXmXMPHjCmzNyH9RU9uXfrZLwj/kIuUQjp+LHJsjzXz6URfgvGb/sYEtPp1CVl+XKXLFuU5Lq5S7qP6/0Rkr32pZ0pyey23k+0a4rxj8t+iPF96ulGmrmVEXywS7yfm/UkToa9l0ZGfnxrknBtctfT4YxXZfL1MbNj7hrEr3jCHVy/HL8Xy8jasmuNdDoa+OS3sl4xX4U/6/IhKlj5WDkV3W7zpkljvl6uPXfr5Lp/M1CSiVHcuxSRWdUqbJQnHlcWF2W3mbhmeXvkfM0uux0P2Z8GPiHU42ZMZfRKVvJrs35GmabhzysiEK4SlKUlGMYrdt+iPqDhTSKOG+FqI21Qx7FDmtk31379WYyb4iFhhcecS4/CfDdlVHLHInW40QXTl6bbnzxhSmldm5EnKc25yk+/z/mTfHfElnFPFFlNU28KuTjDr0aT6t/NkJny5MWFMVspvbb8qNa1EVh9Lo6dmO3UW9uI/LP4Ux3l628m1N8m85b9er7I+iuD9P8Aoejxun/qX/G347eRxXgjAnOmCivrMqailtvut0fQ9FUcfHrqiklCKikvRGLTy+fuZncrwAIAAAAAAAAAAAAAAAAAAAAAAAAAAAAAAAAAAAAAAAAAAAAAAAAAAAAAAAAAAAAAAAAAAAAxNQ1LD0rEnlZ2TXj0QW8p2SSSOLcZe292VWYfDMHHduLzLI9dvOMX/Vmq1mfCbdS4m4z0XhTEduoZMfe7fBRBpzm/Rf3Pn/i72ra5xLO3HoseDp8pNRpqe0pR/NI0m+/M1XO57JW5WXc+re8pSZN42h4unpXaq422x6/R4z2jF7ffl/ZG47a+HrixXyz21hGafo2TqM5WR5aseL+LIt6RX/8Ap+iJn6Zp+g0yhgpyvceWd8knZL5L7q/cwNT4hsyIqulqMY9IqMeWMV5RX9yIox8jPt+Dmlv1cpdjFrTPl2UrTFPbj9Vv7Qu5WZk59vI29pPpFPv+pk04VOJX77LaUvux7/oepTxtKi1W1bkPu32Iq++zJk52ycmZ8y3ktTDPdlnuv9PaGTmalPJbhDeNf4UYTG3qUb6lcOXNbJbutKgKA08lUUfQIo+pAAAFV1kl4t7G4cOYrwNNefjctmo380KFFb+5iukpy8u+yNOTNn4YzPo+U67ubksi4xhFdbZPtH0W/iJmdcEeXQtA0NvTIYE73Cy6TtlYlvzPm23a8U9nt+pG69pVmI3gqFToxZvmnuuWcunV+b9CW4Xy7dQzs3JzrVjPFg4Sx9+VxSW3NLy8l6Iu6RmYufHPx8DDnbRbZtWpNylJKLb5ebtvtv8AJGe2ZjbcztrOZlzx/c4Sr5ZSUVbKL7RabcU/BtkFqmlYumyry61KVijzQo26Nvs9/Jfub9ncOxv02WVX7qU4y2lFtuaSk99uu23br1Narm8nXL8eypSulLlU5eEUtlFLsl4/oZ1MSktT0yd92dOd05KMd55E5LdKPj+vkbUsrG16iinEqVNlSlGutPdS38/J+voYepYENRpsp01qNEJvm5d07JRX2pb+G76L5kPC6ei1qDajnTjtLr0ri/6SaNxzDKdzdsWMsKt9Hs7ZL7z8EvRHmpRxcf3u79/PpVH8MfGT/oXsLNxs7ClkZkOWdKUYNdrH4Rf+SG1TUJV7qOzyJvdJL7KGhYz8mVknjY8233sl5FilRxqXN9Iopi0Qj1bbSTlKUn+5g5eS8ixxi9qo9IryNxDMvVt08i6ds/tSe5WEXJ7epah1M/Cxp35EYQg5Sk0oxXd77GoR1f2OcOLL1WWqXV/VYkdoNrfeyS/t3Nr9sHEz0vQoafTJq3KbTabW0V3J3hzCxuB+AqnlNVSrr97e29/ja3a/sfPnFOv5HF3EdmRZZL3bbjXFt7Rj/wCeJI59T0pW17RSvmWNpmP9TK6XSdn2dymXy5OZCuCbjuoRf9TLnNY9DlHpyx2ivN9kU4exvpGrQk1vGtbyfqY3M8vrfqU1xUp09fbmfy7F7OdIi8lWuK5MWCSX5v8Azc6kaxwPhfRtAjdJbSvk5fp2Rs5l8gAAAAAAAAAAAAAAAAAAAAAAAAAAAAAAAAAAAAAAAAAAAAAAAAAAAAAAAAAAAAAAAAANf4k4x0XhXGdmpZcY2Nbwpi95y+SLETPECelJRTbaSXds59xt7V9J4Vg8fE2ztQfRQhNckH+aX9kcp4y9rusa9ZZRp856fp7Tiowfx2dfGX+Dn+PjZepZfusaqVtj7+UfWTfZerPStYj5knc8QmOJeMtY4ryVbqeQ5wi94Uw6QgvSJi6boGRnqN98ljYe/W2cXvL0jHu/6ElTpun6NH32XOGZkx67f9Gtr0+9/QjdR16/KlJVzkk+nM/LyS8ES1pnw7adNXHHfnnX295SNup4Wi0Tx9PrcZS+3Ny+ss/3S+78ka5lZtuRLeTaXhFPoi3CFl9nLFSnORKVY2Pp1avyWp2fdj6mZl71i+evbX00j3//AHlj4mnuUfe5ElXV3692j3lajCEXRiRUYdnLbuYuZm2ZctnLlh4RRjeBHnfqK469mDj6z7y8tt922/UB9wXbhNzxuV2GwADYbBAFAUNipRnqEVPmb7R/l/51AnNI4Yv1DEhm23UY9M7lVj+/nyq6W+z+UVv1ZaVPuM+zD95S74TlB3xs+H4enwvxW67/ACLLyMvOrog5ylVTFV1xb+GEe/Ree/iWYWOiyN1aXNCW6TW/QtpjWoE7ia9fTg5un5LlGN8ueVkesnJdlLxaNkozr9F4Zx8mtqWVKEqqfo73jTzLaUpP8Ul8K8luaTjqvKwc6dkX9I3jyS36Lz3XiXcTNuwIKlSseHZOKuhLrGXXd/sZiZiY0sS6hpm+Dw5Q6cqMsiU4pOMt1zykn/7mluNf0mrDjDHx8hylkxULLJPs31bfik1v0IDStQnxBrtGlY2OqsWybcfdNpxj0f8A7eu7b+SNs1DJxv41p1GBUrnj2uSa+KU2t95Sb8E+3m9hzMq1OWPLSKMnGt5VN7Ktzhy8vXvJb/8Amxhz0HT7dPsy8mdsozcnG2PeTXeX69l8joOThRzeNKoZOPCfuanJuxp1ylvHrKPffdtfoQGtRp0zHqwL8KMr6ciXNFS5Yvfqmo+m/wAjMxaJ17jnWTfOi6pbONHI/crfw8d/Uzp4uBKv3mJfddbKCU7LFsk/FRXgkdOx9G0C7hinOzKdNuo91crp2t++94t+RRS6bdTl2s8PZ/DeDiX5MlD6ZGUo1J7zjHfpzLzff9TpjFPZ3SxKHy7XFSora2+89u5ixie64uUkknJ+EUt2yRlpebTS7bca2EFtvJxey3W/9zz3BrbEopc57JnYvZHwZ9LzHrmdVtjUPalSX2pru/kjT+A+FZcTatHGhZGMIx55yi+vKn/3O/ank6dwVwp7qvauiiG0V4t/5ZJtue2E8Oa+2rip221aHjzSrXxW7P7Xl+m5zDSqOWqd7XWzpH5HjVtRyOIdetybejtlso+EY79iRhyc6hHpGC5W/Ulrfyvt/pGCvdOe3iPDGzZ7yrr8I/FL0fgbVwFpssrKqgovmyJpJ+UV3NNnN3WufjZLZLyj4HZ/ZbpsZZqslDeONXun5Sf/AOjMvm9TmnNltefeXWcemGNj10wSUYRSSRdAI8AAAAAAAAAAAAAAAAAAAAAAAAAAAAAAAAAAAAAAAAAAAAAAAAAAAAAAAAAAAADy2opttJLq2wPRjZ2fi6ZiTys2+uiiC3lOx7JGh8Xe1vReHoW42BZHUM9dOSuXwQfnKXb9EcB4i4w1rii526nnTsjzOUKobxhFeSj/AJ3PSMc+bcJt1HjD23S3txOGqYqKbX0y1d/D4Y/3f8jjOdn5OpZtuXl32XZNj3lZZLmlLz6/2KY2JkZ10aqYczf2pN9IrzbNgoowNDh71SjkZXjfNfDHo/sx8fmyzaIjVXvi6e+b5Y4959mHgcOTlCGTqU3jY8vijDbeyxei8F6sy8vV6NPxXiYVUaqfwRl1b85S7yZFZ+sX5Um4yaUvtSb3lL9fBehGNtvdvdmJ3Lp+LiwcYvVb6/6XL8m3IlzWT38l4L9C0VBpxXte9u63MpbCzcSmtQUHGXZy26srZh4ua3NZPxP8TIgczj2bXyM6dtf1C00jHesTWGfbpFsIt1yjJLyZhzxMivfeuQhlXVtck5JeW5l16vfBJTjGa8d13Jyv/EyfWv8AdHcrXdNfM8tky87DyP8AWx1Fv02KPCwchN028r9XuPHknoYtG8V4t/aUMCSno96jvW4zX5TEsxrqf9SuS/QsTtz5Omy0+aqwUKlA5p4ANn5AiqPsZNMceymFdtjg3apT2W+0dn1Mcqls992/mUSM7Ie+VFG8qoJuO3j6+pbnTVSrJe85peC23XUxsa+eLOUq9viWz3MrCnC2uyd0oxlH7ENvtMC0rJqLUJOLaUWTDm83TcPDqhDnjJR6vZqTfUj7YTlXFwglt1fKjxXN4eVGc042w2ai/Hr4/oBJ42Vm8P6nYsbIjGezqnyPdSj4x3+W/U2jgnVqcG7MznOM7Y1y93Tu+eKW8lLd/svM1yumORCWbZVzUT3js3slLy3+b3I+udmJCyGO3L4HGUoL+e4i0x4V0nh7V6Fq1nEOdOy6Snywoi93JbdOjfRLr1fia5q+ZkZVeTlXuTstuagoy5vdxcm0mxw9O3Wao4GNjVRqpqlZdKO6lJJpOUn4+CMV1PDw8nG9/Gyy7ZRrT+y0+kpEteZjXusJ7gjHwMeN2tarZGePhR5sel9pz7cz37RW/Tzb+ZqnE/EF/EGs2ZmRPmXaKfgv/Ni/xHl0YGnVaJiz5uVqeRZ4zklsl8l1NZT3Oj4s2pqWLN+9mOFVZq2XmTxPpM8SjnhFpOMZb7KTT9Wdd/4cx44Cos5ci+3a3K/Cubokl5nDOEtczOHtS+lYji+aPLOElvGUd99md20HO1Xi/TZTrxo6dizbUslRTlJ+cV/dnnauoj7rE8OfcA5sOH/aZZiUx5qMiNlUnHwjHqn+jS/cjfapxnPXtWlg4s5fQqZbLylJPv8AoTnEumafwFi5GVjZFt+p5O9cLrUuaMW+qil2Xmcjgp52Yoby+OW7+XiataNRryVrOS0Vr5lIYEPo2Lbl2dZS+z6+RlPmowVB/bs6P5vqzxbGNuZVix/0qYqU16rsj1mT5ruXfpWu3qzxmNzt9/qbVwdNNK/j9/d706tWalWnHeMW/E+lOB9LWncP1TlHltyF72f69j5/4Uw3m6pjUuLbumo9Fv3Z9Q49McbGrpj2hFRX6IPgLwAIAAAAAAAAAAAAAAAAAAAAAAAAAAAAAAAAAAAAAAAAAAAAAAAAAAAAAAAAAMbOz8XTcSeVm310UQW8pzeyRxnjX20tOeBwzt4qeZOO/wD/AEXj82arWbeE26dxLxjo3CmI7tRykrGt4Uw+Kc34JJf1ZwTjL2savxNF4mLzYGC2+auuT55rw5n/AGRpGoahk6jlTys2+y66T3lOct5P/Bm6PwvrOvSb0/Atsqj9q+S5a4+rk+m3yPatYiPTykyh2t9vAv42HK+a3nGEfOT7m3vhzhzh9c+vau87I/8As9Naa+UrH0X6I9z48wcGPu9E4Y0zEin9u6LvnL5uWyLakzzMtY7Vi27RuEXiVwogqqFKTfV7Qk2/5Jl3/hnPzJ8707ULebxWPLr/ADRl2e03iFLaqzFxl4e5x4xf8zEt444sz3yfxTOsXlVul+xmMcQ+lb9T3SKxSIiF6vgfUpy2homZJ+Uo7f1ZkR4D1X/8LJf7pxX/AMiEvy9f5+bIyc2MvOdsl+xixhquVPeEsy3ftJc0tyfDeP8AHz7Vr/Rs74K1CD5Z4FEH+a+C/wDkU/4QyY9HThJ+uTD/ACRWJwfxNnS2r0zNk2t05QkkxbwbxBSlF4OTJ77NRg38iTRf4+//AFj+iT/4QyPGvCX/APKh/kwtQ0CGm1KeTXi7PsoXxk/5JmfhezfW5xjPNw82Dkuka6+Yk6fZfkSkpXYOrSk+u8YRSX7k7fuf+Qv/ANa/0aTNafFpOpLfbsUjVgWS2Vcv0Okw9kE7t39A1CG/Zzuin+pes9jFkIzVWNkyk18LeRFLfbxJ2x9SP1C/vWv9HL/oenSltu0eXpuFKW8L9mbff7GuLqbNq8WuUW9ltant8yxP2R8ZxudccCMklvze9Sj/ADHb92/46k/NjhrUMOdb3pzUvRmQoZjik5QtS8yZv9lfGtMeb+Eyl6Rsi3/UxrPZ9xnidXouTs/GPxL+pPhy98f6ljjjtmP3Rs8Sm17W4zi/NLoY1uiQkpSpm0/wyRW1aviylG+i6Ek2nGUWgtRyqub3tElt+KLSX7Dtt7Pf+L6HJGslf7I+7TMmrq4c0fxIxJQlFtNNNGwQ1iDezgtn6nu2eDfFKyK3fj5DVveHhfpekyf+lk19pa0VJi3Sa59aLI7vwbI67Cvok1ZBpeaK4cvS5MfmNx9uVhdWUcWpKSex65NvUq18I8OZJPMxoU110SkuaP1jfdspbhrnU7JSjOXVp+XmR0KVNpbtTf2Utu/h1ZIQtuhmOrLntJfC5d016PxKJTSuKsnStLzdMVGPbj5MXzRtjzSi/OL8GY+RfLH5sfF2jZfBSua7R5uvK35nilckrLK4RlLbli5Lfb1MPJtdKlUmpTm+ayfi2YnyNj4Evi+I1jRsca7KJRk4vrLput/ToYGo6pPDyc3DpprhNZEpTvS3k14RXl3PXAs+Ti7B6/ak1+xi8S1e64mzY+dm+5e2O/kjwilKVtk5ybk5Pdt9W/1LtNXNJPv1LVceWbjv4bkniUfFGLXXbc3EMzLauAuHate1urGyJyhTFc8tlu5dUlH9d/2PpP3FWmaTHHojGuuuHLBJbJGl+y/hVaTpj1DJh/zN6UouS+zH0Mn2icU06Jotz5k5NOMY7/al5fIxEzaeDw4R7Qdat1jiK+c91TVJxrju9tt+5EaZH6JhWZli23+zH0MNuzUM5+8blKct2/1M7UXzWU6fUlyxa5n4biz6nQU7Kzmnz4j7yvadBwx7Mu7rKxuT38l4Ft7zltunKUm+nXuzLyH7umqhdIvr+iLeHVz5MX35XuSGf1C8ReMVf5f8+7qnsh0WN+r36hKKdeLFRg/zNdWdrNK9l+m/QeD6b5LaeXOVr/277R/ZfubqR88AAAAAAAAAAAAAAAAAAAAAAAAAAAAAAAAAAAAAAAAAAAAAAAAAAAAAACN1rW8LQcGWXmzcYLooxW8pPySLETM6gSLe3yOfcX+1fR+HJWYuJ/z+oR6Out7xi/zNf0Oe8W+0rVtb58XFnLCxJtxjRjvmumvDmkukfkjUsXhXXdUvUMPSsreXXmcHFv1bkdFcMRzZmbfRj8U8V61xTmyv1HJlGO793jxk1CEd+m0e2/qzXm221sv1OraP7HOIczf6csbCg0t3ZJ2Sb+S/ybLiewTSlHmztVyrbH1arioxX9TM2iPciOduRaDqek6VT9Jv0mGoajGW8PpMt6a14fD959i/qvFnEHEso0WX2uhLaONjQ5K4/KMTveB7JuEcDkf8Pd8ovfe6blu/kbXiaNpunrbEwcej/ZWkWMtaxwTHL5X0zgriPWJfU6PmOv8AFKtxW3zkbvpnsWzrHGzKx9k+8brlH9onf1FLstip5zlmV7XL8H2PYWNy808aC268mOpS39HLfY2LE9nui4rXN7+1JdIubjFfpHY24GZvaTSExuEeH8Tm91pOLvLvKdam/wCct2SleHjUwUK8eqEY9lGKSRfBmbTPlVNhyx8l/IqBsNhsAAAAAAAAABp2TwtbfxBRn20Y9tcZuUoOK279O5s89Pw7YuNmLRNNbNSri/7GUBsa1mcAcKZ28r9CwnJ/ejUov9iAzvYvwhltyqxbsWT/APRtaS/RnRAai9490043newXDlFvTdZyKXv2tipL+ZA3exXibHe9ebi5VafxR5nGTXpv03PoIF+Jb3bre8fLOnzdxz7MXpGLXnaVj5LrVa9/GcVLll4tbeBy+cHF+aPt6cIzi4zipJ901ujlHtJ9l+Jn4d2raRTGrLhHeymK2jZHx6eDNRaJ4kmZtPL51XQvzyp3Y1dF0pSjV9l7byj+p7ycOdEedRlybuL37xfkYuxPsWpanzMrFvnTjux2RTUuWKb+Jvz2MVycpNvq31Y/oVRGUxwpP3XE2DPfb6xLcyuMa+TifLe32tmYGgy5dbxJJdVNbE5x9VGHEUprtOCZI+f9ljw1SvplRXmja+Hq8SeqY0cmyNdTsipyk+iTfU1GfwzhNPqmX3lzjt1Z6RrepYmNvrHO4t0LStNUMfUcabjD4Ywsi2kl36HzjxrxVbxLrNs3Y/o0Hy1RXl5/qay8ic39uXr1PFNc8i+Na68z2+RJ7a+Gq0te8Vj3SumQjj4tmbb322iU0iDyMyeTJ8zj0j6NnnV71CNeJU9oxScmvEy6Yyw8CupdLLF1/wAmO7h96vbS3b/Ljjc/+56vs99dKaa5d9obP7q6ImOGNKs1XUsfDgk5X2KL38vH9iC5XKUYRXXsdV9kmkrI4inkuH1eHU9vSUui/ZMj4drd1ptPu7Vi40MTEpx6oqNdUFGMV4JLYyEUKojIAAAAAAAAAAAAAAAAAAAAAAAAAAAAAAAAAAAAAAAAAAAAAAAAAAAAAojC1HScHVqlVn40MiCe6jNdjO2AidcwI3F0HScGMVjabiVKK2jyVRTX6kikl2SXyRXcFmZnyKFShUgAAAAAAAAAAAAAAAAAAAAAAAAAAAAAAAAFGk1s1umVAHz17UeGI8P6883HoS03O6yio/DGzx+W5zLP0uVLc6U5QPrviPQcTiPRb9Oy4RlGyLUW19l+aPmPLwrtI1bK0fO39/jycObbpKPg0atuY7o8vp9HNM9fgZfPtP0ac+ncJktqWnbSdtXWPjFeBENeAiYmHL1PTXwX7bf1ZumXe71TGku6sj/U2r2kxcNTom/vVJ/sjTMR8ubRLvtOP9Td/aOuaOn5H4q1+m8f+xJ+aHPHytEk3ytvwe55bb79Qn8MvkDTImTGmQWPj2ZtjS2W0d/LzImiiV90a495PYlNVvVcK8SvZKMU5bePoZl9Ho6xjrbPb28fljYcJ52pxdj33blLfy8iUvn7zJk0/hguWPz8TG0quWPhW5T7y6QfjsX4Llgn4vq/mRvNacfTVrM+q07n8MnCgrcp7x3jBczPo32baP8Awvhau2cdr8uXvZ/L7q/kcH4a02Wdl0Y1aXvMm+MIt9uXfqfUmNTHGxqqIJKNcVFJeiK+YvAAyAAKAAAAAAAAAAAAAAAAAAAAAAAAAAAAAAAAAAAAAAAAAAAAAAAAAAAbjcbDYiAAKoAAAAAAAAAAAAAAAAAAAAAAAAAAAAAAAAAAAAAM4R7buHp4WoYvEWMpcl0lVekuikvst/P+ux3cieIdFxuIdCy9KyYp1Xwcd/wvumvk9marOp58LW0xMWr5h8qyyJTojk1xUum00zAysOGVV9Jxn1f2ombk4lmg65laVlLrTY65vwfXo/5bGBkKzTctyrb93J82yFq9ttPufHpnwRbJHHiftP1RsfguTkvss6Bx5GFnC+kXpfcju/0Zqt+NVn0+/wAfpb3lHzNr1TAys32e4+c9nXBqEYt9Yyj3RmebRL5ufppxTuOaz4lztdOaPoeTa8HQ8eegrLrcrcmXLvFLfbd9iDy8FxyaoLlUrN+i8Nn1L3RvTmrWbT2x5lf0qqNNdmXYlyxW0dyPnOeVk7pNynLZLyM/UrVj0xxYPw3keNGxlbme8kt41rfcr6mSnfenTV8R5/KSthGuNONHpGK5pbeOx52bcYpNtvboOZznOb8Xyr0SMrTqve5kW/sw+Jk04+sy/EyzMeI4j8Q6p7JtCV2qyzrI714UOWDa7zl4/wAjtBp3s2014XCtd847WZUna/8Ab2j+xuJHKAAAAAAAAAAAAAAAAAAAAAAAAAAAAAAAAAAAAAAAAAAAAAAAAAAAAAAAAbjcbDYAAAAAAAAAAAAAAAAAAAAAAAAAAAAAAAAAAAAAAAAAAAOF+3HhVV5GPxFjQSVi9zkpdN392X9jlaitR0+UH/q1rZP0R9Y8R6LRxBoGZpmRFON1bUX5S8H/ADPkmdV2i6xfjXxcZ02yqnF9t09tz1ndqb94dXR5Yx37bfLbiUdRfbiW7xltJPZo6rwNmU8QaNqHDs3HmyYOdCf3bEt1/P8Auc21XGVdyth9ifU98PardouuYudTJqVVik2nsZrG/DeW18HdhtzHsvX52dol+RgqTrjztOL8PNHnClKbsz7tm4pqCfRLzf8AM3v2i6Ji6hkY+t4sdqNQh71Sj2UtviT9dzQtVsjj01YdWySW8/kS0Vme6vu9ukxxjrPUW8R4/KIvslfbK2T3lJk5hx+jaWn2lZ1InFo9/fCHg319F5k3a9pxgvswj2RNnT2mmO+e3meI/MvH2UkbLwlpNmp5tONFJzyLVDr4RT6msp88ox8ZPZHYvZTpKlqzyHs1iU9P90un9i7fN26/jY8MXGqx64qNdcVGKXgkti8AZQAAAAAAAAAAAAAAAAAAAAAAAAAAAAAAAAAAAAAAAAAAAAAAAAAAAAAAAA3G42GxEAAVQAAAAAAAAAAAAAAAAAAAAAAAAAAAAAAAAAAAAAAAA+dPbXw2tO4khq9C2q1CL94tnsrI+O/qfRZpvtK4c/4j4Ny6Koc2VTH31DXfmj12/U9MVoi2p8Sk/V80Yn/PYksaX+pHrB99yInCVc5Qa2aezJHDvnpWs1TvqlF1Tj7yElt8O/VGz+0bh7G0/UMfVNNjtp2o0xvht1UW18SLFZpfUu3JljPirM/NH+Gw8C5D4n4KzdCnLmysH/mMffu4rvFHLtVpup1O+FyfOpfsTfAmuy4d4mxs7maqU1Ga84vwJ/2paFHF1Z5+JFSxsiMba5R7csvBfJv9xasROvry5Ytaa9keGn6PB1xsyWui+GO/7l9ttuT7vqzIdLx9OrqSTcuja/dmO2vB79Tz07utmMdK4a+0bn8s3RqPpGpV7x5lH4mvRH0hwHpT03h2E7IqN2VL3svPZrov5HDuC9Mlm5dMOVN5Nsao+D236/sfS9VcaaoVwW0YxUUvJJCXz1wAEAAAAAAAAAAAAAAAAAAAAAAAAAAAAAAAAAAAAAAAAAAAAAAAAAAAAAAAADcbjYbAAAAAAAAAAAAAAAAAAAAAAAAAAAAAAAAAAAAAAAAAAAAPMoqUWmt01s0egB89e2rhivTNQxdXxobVZO9V2y6Rklun+q/oQ+h5T4m4Mu0LI+LJ09Stx23vvDrzRXyO2+0bQFxDwfm40VvdGPvKmu/Mu23z6nzNoeq26FrmNmx22qntbF+Md9pRf6M9r+vHGvMNYr9l434Rl1c8e+UHuuV7L1OsaNkQ4r9njql8WdpXXr1brff+RqfG+lUVahHOwvixcqPva5Lts+u389yR9m2fHRs+F18l7jJ3rtT6Llb2MxaLV7odX8NaLzaviOf2QWfJrI5Iv4IxUY/3Zh7Pokt22kl6mz8Z6I9G1q2qK+q5uaD26OMusf2IfSMZZOp0xl9iLc5L0X/fYkxEePDmyZLZLTa3mXX/AGX6GlmLJnBcuJWlHf8AHLv+x1o1ngbB+icN1WyjtZkt2y+T7GzIzLAACAAAAAAAAAAAAAAAAAAAAAAAAAAAAAAAAAAAAAAAAAAAAAAAAAAAAAAAABuNxsNiIAAqgAAAAAAAAAAAAAAAAAAAAAAAAAAAAAAAAAAAAAAAAAAt2wVlbi1un4Hyx7S+Hf8Ah7jDJhXFRxcl++q8NlJ/Ev0e59VnK/bXw8s/huOq1w5rsF7yS+9B918j2xW57Z92bQ5BpGd/EtBnpV75rMb6ypt94vuv07ni+Tox66oLl+9t5JdiAwsizDza7q93KMttm+jXkS2VzvJs94tmpbbeR5RXsvuH0I6z/jTi9/r9mw63xfPXNHx8OzGjG6EIwnbvvuorwMjgbSJallVxjHrkWqv5R8X+xqW223q9jtfst0h13xtlH4carv8Anl3/AGRfbTg26nTVCiiFUElGEUkl5IuoAyoAAAAAAAAAAAAAAAAAAAAAAAAAAAAAAAAAAAAAAAAAAAAAAAAAAAAAAAAAAG43Gw2AAAAAAAAAAAAAAAAAAAAAAAAAAAAAAAAAAAAAAAAAAAAAABh6ng06jpuRh3wUqroOEk/JrYzAyxOp2PjXVdNnouvZGn2R2lj3OHfuk+n7Gfmxcc6xNeKf7I3T226HDT+JsbVK1y15kdpvwUo/5X9DT8+DWW2/GMX+yPXJqdWj3Zjh70nG+larj1NdFLml8kfSfCGm/wAO0SEpQ5bb37yf69v2OGcBab/ENaXw7qUowj+vd/yR9I1wUK4wS2UUkv0PKVewARQAAAAAAAAAAAAAAAAAAAAAAAAAAAAAAAAAAAAAAAAAAAAAAAAAAAAAAAAAANxuNhsRAAFUAAAAAAAAAAAAAAAAAAAAAAAAAAAAAAAAAAAAAAAAAAAAAc/9rujPVeC7bK4KVuLJWx/TucK1Lmd1cn8LlVB7J9vhR9VajiRz9OyMWSTjdXKHX1R8u63h3Q1KePyc1lLdXLFPd8r2R619VdfRl0n2L6X76nI1KxPlqk4wXhzeLOxmh+ynHnhcIU4s6ba5xk5We8js3Jm+HnbyqoAIoAAAAAAAAAAAAAAAAAAAAAAAAAAAAAAAAAAAAAAAAAAAAAAAAAAAAAAAAAAG43Gw2AAAAAAAAAAAAAAAAAAAAAAAAAAAAAAAAAAAAAAAAAAAAAAAAAEDVwlpFOvZGs/RYyy7tt3JJqLXil5k8CxMx4HlRUd9klv1Z6AIAAAAAAAAAAAAAAAAAAAAAAAAAAAAAAAAAAAAAAAAAAAAAAAAAAAAAAAAAAAAABuNygIioAKoAAAAAAAAAAAAAAAAAAAAAAAAAAAAAAAAAAAAAAAAAAAAAAAAAAAAAAAAAAAAAAAAAAAAAAAAAAAAAAAAAAAAAAAAAAAAAAAAAAAAAAAAAAAAAAAD/9k=\" style=\"width: 700px;\" data-filename=\"RS=^ADB3LZ_k.jpg\"><br></p><p style=\"cursor: text; margin-top: 14px; margin-bottom: 14px; counter-reset: list-1 0 list-2 0 list-3 0 list-4 0 list-5 0 list-6 0 list-7 0 list-8 0 list-9 0; color: rgb(66, 66, 66); font-family: Helvetica, Arial, sans-serif; font-size: 16px; white-space: pre-wrap;\">PENICILLINのロマンスのサビは</p><p style=\"cursor: text; margin-top: 14px; margin-bottom: 14px; counter-reset: list-1 0 list-2 0 list-3 0 list-4 0 list-5 0 list-6 0 list-7 0 list-8 0 list-9 0; color: rgb(66, 66, 66); font-family: Helvetica, Arial, sans-serif; font-size: 16px; white-space: pre-wrap;\">「あいに(※②)きづいてください(※②)　ぼくが(※①)だきしめてあげる(※③)」</p><p style=\"cursor: text; margin-top: 14px; margin-bottom: 14px; counter-reset: list-1 0 list-2 0 list-3 0 list-4 0 list-5 0 list-6 0 list-7 0 list-8 0 list-9 0; color: rgb(66, 66, 66); font-family: Helvetica, Arial, sans-serif; font-size: 16px; white-space: pre-wrap;\">これは曲調と相まって、言わずもがな、非常にナルシスティックだ。</p><p style=\"cursor: text; margin-top: 14px; margin-bottom: 14px; counter-reset: list-1 0 list-2 0 list-3 0 list-4 0 list-5 0 list-6 0 list-7 0 list-8 0 list-9 0; color: rgb(66, 66, 66); font-family: Helvetica, Arial, sans-serif; font-size: 16px; white-space: pre-wrap;\"><br></p><p style=\"cursor: text; margin-top: 14px; margin-bottom: 14px; counter-reset: list-1 0 list-2 0 list-3 0 list-4 0 list-5 0 list-6 0 list-7 0 list-8 0 list-9 0; color: rgb(66, 66, 66); font-family: Helvetica, Arial, sans-serif; font-size: 16px; white-space: pre-wrap;\">まとめると、発音には親しみ易く開放的な「本能的用法」とナルシスティックな「自己陶酔的用法」があ</p><p style=\"cursor: text; margin-top: 14px; margin-bottom: 14px; counter-reset: list-1 0 list-2 0 list-3 0 list-4 0 list-5 0 list-6 0 list-7 0 list-8 0 list-9 0; color: rgb(66, 66, 66); font-family: Helvetica, Arial, sans-serif; font-size: 16px; white-space: pre-wrap;\">るということになる。</p><p style=\"cursor: text; margin-top: 14px; margin-bottom: 14px; counter-reset: list-1 0 list-2 0 list-3 0 list-4 0 list-5 0 list-6 0 list-7 0 list-8 0 list-9 0; color: rgb(66, 66, 66); font-family: Helvetica, Arial, sans-serif; font-size: 16px; white-space: pre-wrap;\">平歌で後者をよく用い、サビでは前者</p><p style=\"cursor: text; margin-top: 14px; margin-bottom: 14px; counter-reset: list-1 0 list-2 0 list-3 0 list-4 0 list-5 0 list-6 0 list-7 0 list-8 0 list-9 0; color: rgb(66, 66, 66); font-family: Helvetica, Arial, sans-serif; font-size: 16px; white-space: pre-wrap;\">サビの1回し目で後者をよく用い、2回し目で前者</p><p style=\"cursor: text; margin-top: 14px; margin-bottom: 14px; counter-reset: list-1 0 list-2 0 list-3 0 list-4 0 list-5 0 list-6 0 list-7 0 list-8 0 list-9 0; color: rgb(66, 66, 66); font-family: Helvetica, Arial, sans-serif; font-size: 16px; white-space: pre-wrap;\">などの構成の技巧がよく見受けられる。</p>', '2022-09-26 06:29:58', '2022-09-26 06:29:58', 3);
INSERT INTO `contents` (`id`, `title`, `content`, `created_at`, `updated_at`, `user_id`) VALUES
(50, 'こんにちは', '<p>こんにちは</p><p><br></p><p><span style=\"background-color: rgb(255, 255, 0);\">色も付けられます。</span></p><p><span style=\"background-color: rgb(255, 255, 0);\"><br></span></p><p><img src=\"data:image/jpeg;base64,/9j/4AAQSkZJRgABAQAAAQABAAD/2wBDAAgGBgcGBQgHBwcJCQgKDBQNDAsLDBkSEw8UHRofHh0aHBwgJC4nICIsIxwcKDcpLDAxNDQ0Hyc5PTgyPC4zNDL/2wBDAQkJCQwLDBgNDRgyIRwhMjIyMjIyMjIyMjIyMjIyMjIyMjIyMjIyMjIyMjIyMjIyMjIyMjIyMjIyMjIyMjIyMjL/wAARCAK8ArwDASIAAhEBAxEB/8QAHAABAAEFAQEAAAAAAAAAAAAAAAUBAwQGBwII/8QAQxAAAgIBAgQDBAgFAgUDBAMAAAECAwQFEQYSITFBUWEHEyJxFCMyQlJigaEVkbHB0TNyFiRD4fBTgsI1VFXxhJLS/8QAGgEBAQEBAQEBAAAAAAAAAAAAAAECBAMFBv/EADMRAQACAgEDAgUCBgIBBQAAAAABAgMRIQQSMSJBEzJRYXEFgRRCkaGx0SRSFTNyouHw/9oADAMBAAIRAxEAPwDv4AAAAAAAAAAAAAAAAAAAAAAAAAAAAAAAAAAAAAAAAAAAAAAAAAAAAAAAAAAAAAAAAAAAAAAAAAAAAAAAAAAAAAAAAAAAAAAAAAAAAAAAAAAAAAAAAAAAAAAAAAAAAAAAAAAAAAAAAAAAAAAAAAAAAAAAAAAAAAAAAAAAAAAAAAAAAAAAAAAAAAAAAAAAAAAAAAAAAAAAAAAAAAAAAAAAAAAAAAAAAAAAAB5U4vtJP5MD0DkHHXtYztN1uzReHcWNt9MlG26UHP4vwxiv6ljhn2i6zg3SlxVkUxqmt4VbJWp+SjHw+Zm1ojyOzFnIyKcWqVt9sKq4rdynJJL9Wcc4u9tGdp9/0bSdMjXuul2S92/lFf8Ac5Xq3EutcQZKnqOoXZE5y2Vak1FN9korobiONj6r0/W9P1W26vByIX+5aU5Qe8U/LckjS/Zxo0dE4Xx8dL43FTsfi5Nbm6GInfgAAaAAAAAAAAAAAAAAAAAAAAAAAAAAAAAAAAAAAAAAAAAAAAAAAAAAAAAAAAAAAAAAAAAAAAAAAAAAAAAAAAAAAAAAAAAAAAAAAAAAAAQ3EnE2ncLaVLP1Gxxr35Yxit5Tfkkcyo9ujzdYqxcTQLZUSkouTs3mlv1eyWw9tjrmdqOHpmLLJzsmrHoj9qdkkkiB0/2gcM6nmfRMTVarLfBdUpfJs5l7WdSwdZswffazHHxK4Sc8eHxScnt12Xj026nPcTV8XCui9GxdrFNRWZmT5pp+cYrojM21HCui+0vWuJ9T1yzTNOlZh6bQoyld733Sn07uW66eiNb4e4qnwvludWp5OqZElyzprlJ1c3jvKXf9DXOLMvKy51Ty8m26x9XzWc0X67djA0y+FeLZZOyVUal9XyvZuX9xqZ8id4n4rz8vLlbjOnDVz3sePBRnJ+PNL7REadOK5smT5pQkub3jcpS3XmYebkzzrnO2b6dXJx7Is32xlCEV8MU91H+5rtg2ydRvhlXuxR5X9yO7eyJrgbRp6nxLRzQ5q6WrGvN7/Cv5/wBDXsTGyc7Jhj4lU7bZPZRit2fQPsu4Lno2I8nOjH6RKXNJLrs9ukd/Td9DN7REdsTzK187l0bTsb6JhV1PbmS3l8/EywuwLEahkABQAAAAAAAAAAAAAAAAAAAAAAAAAAAAAAAAAAAAAAAAAAAAAAAAAAAAAAAAAAAAAAAAAAAAAAAAAAAAAAAAAAAAAAAAAAAAADzzxUuXmW/lv1IriPJz8TQMu/TK42ZcINwUnsvmfOULM+rVqsrVuIJrNlZvGui122cz779eWK6ktOo2sRt3/jTi2ng/QZahZS7rJS5Kq09lKT834I5Lh+0rjrMyFnTjjYuEnv8AXwVdTj6Sl1f6FOMuM9Z/hKxnDG93S9lO2PPN9Okt2tvHyOa42blatqkJZmSrZbvaWRP4I7eO39kiczUl0j2jcY6Rr2Lg22YuRmPHUpfBP3dUpNJPr3a8jQaOIcm74KOTAx4uL9xiwUeZb9W5d389zM13Lou0iO9LqvulzPd9HFLul6kJpk/oC+nWr4U+WqD/AOpL/CLr0olOInCdGPKFsbHLeXWO0or8zfiRmmThRVbfkQ5q3FxhHfrOT7foUVs8+67KzpyVO+8tl1m/CKKxqWZa8i6TqxoPlSXl4RivP1HiNLEPKnHLU7b240R7tLrL8sTK0rT4armqOVf9Ewq+r5Y80lH8MV4yfmVxdPnqdi5a/dY9a6Lso+i9SdxMauEa8eutqye8Yxj8Umn4r1LFtcw6+n6O2X1W4qxtXx9CllVY+nwsxqHCMYRk+aT27yl5F/QOAcvW7pTU5V4kXsr5rZbem/c33h/2fqFkc3WK4xk0uWiMeu35mbutOnOqNcIRroitowitkeOTPaZ7ccc/VvLXDHprHDWNC0LD0mdWnaHjRlkT+GzLkt5beL38jqeDiQwcOvHg21FdZPu34swdF0ivT4OzlXvJL9UvIlyYsU19Vp3MuTJeJ4rHCoAPd5gAAAAAAAAAAAAAAAAAAAAAAAAAAAAAAAAAAAAAAAAAAAAAAAAAAAAAAAAAAAAAAAAAAAAAAAAAAAAAAAAAAAAAAAAAAAAAAAOde0nEz9b4Wy6MS62i/Hl7xwhLb3kV3XqfOGDZ7rOjKyUoR32lJL4kvFfM+v8AUsPntrvglvvyyT8Uz5d13SKsbjXPqm5VYlN8rJOUXGTinvypeO/Y8qTaLWrZqdcaZur61dPh9VZXIp3NKrp8brj4y+fh8jV9NpjHmzrm1j0vaPg7J7PaK/qe5ueuanZbY3VjwXxS2+GqC7RXrt4eZfcVmTUa17rExo7p/hj6/mZ661GkY3NZqN1uZlyaqj0aX3vKKEIfxGyV+TP3WLUlFbPbZeEY+pkbyyW1GLqxaYpc3ZRT6/rJ7FIQhlTlu/dYlPgu/pt+ZkFttZUnKcfdYlcuVQXh6LzkS+n6dkvKpvlTCvGTbVcn15e/ReMmRds1kr3qSpw6ukYr+3m35m8cMcK6rxjCi++EsHTK1y+8+/ZHyj/klrRWOXV080jdr+fZh6PTn67lLA0rDlGcW+d/cqjv3k/P0Ot8K8EYmhR96oPJzpr6zIs8PNRXgjYdC4aw9GwIYeDjxx6IrZxS6y9X5k9GuMFskkjGpv54hc3VXyRr2YNWDGPxy+KXi2ZEMeEpfF1S8DI5T0kktkbrWI4hyTMz5VABpAAAAAAAAAAAAAAAAAAAAAAAAAAAAAAAAAAAAAAAAAAAAAAAAAAAAAAAAAAAAAAAAAAAAAAAAAAAAAAAAAAAAAAAAAAAAAAAAAA8TkoQcn2SbAjeINZwtC0i7OzbIxhCLcU3s5S8EvU+b9W4lt1TPuhbCvK2g5KydW73b6xjLboorzNk40zf+KOIbI5WowhRR9VCmEk4wcn95d2+nV/I1zWczAwtMr0rF5b1GTjZY11lLxS9NzM6212zHliYvD2fqvD1mXpdlNtELG7seM/rI/ma8VsQ04OxvFrXu6K+spPo2/xNee/gZGJhaisOeTpkLKPdz5bLISfM/Tp4dzxRkLUbo05vNVbL/qRj0lt5oRM+6SL/AJmtQX1WDRs210cpeb82Y8msixcsXXjqSjCK6yb26L1kzPv0nJycrHxMauVtbfLXGpb8zb/q/N9jsHA/s6hpcq83OhC7Ukvhj9qFHon4y9TN8kVj7z4WK75QPBPsxnm+51DXqZRri08fD8lt0lI7XiafXjwhFQjGMElGMVtGPyL2JirHrW+zm/tS8zIJWkz6reSba4qqgAerJsNgAAAAAAAAAAAAAAAAAAAAAAAAAAAAAAAAAAAAAAAAAAAAAAAAAAAAAAAAAAAAAAAAAAAAAAAAAAAAAAAAAAAAAAAAAAAAAAAAAAAAHK/alx/DSsf+CabZvnXNRtlHq64Pv+pP+0PjnH4Q0iShKMtRui1RV3a/M/Q+dp3W0xlqedKV+flbyr9493HfvN/0QarOpiW75PDuPl4iydMisfMugnNye+72/qyDydNyNJm7cnGja7Ics5KKcV1+JLy7dyT4MzLvc2YuTZKWS/rHu9+SL7L9TaMvFpzMV0WxU4Pc6K4a5KxNX6S3RUz4q3x8TLRM/UL51RxNJw5UY0XGUo1vdy6d5PvsW9J4Py9cxbMj3kqrVLlra3XPv33Jezh/VatTrxtMUbFlLlio7KUV07+S9TqehaLkqmqqzZ2RSjOxLZR2OPLM457Y8vh5sHw7zW3siuA+B4aNQoWWStypPmssf2Yflj6nTKKIY9ahXHZI842NXi0qqtbJd34t+ZkEx49eq3Mue1t8QAA9GQAFAAAAAAAAAAAAAAAAAAAAAAAAAAAAAAAAAAAAAAAAAAAAAAAAAAAAAAAAAAAAAAAAAAAAAAAAAAAAAAAAAAAAAAAAAAAAAAAAAAACD4o4mweFtIsz82fRdIQj3lLyRnarqeLo+nX5uXbGuqmLlJt7dkfM/FPEuVxvrNmRkzdOl4z3jGT6Rj49PGT6FiBmaxtxdq93ENc78qMl8GLKPxOUV0ivyrruapP39Vjzs6D965fV1S3TbXjs/BeRdxs6+OZHPptsxsfFfLUoS5eXyivn4m4afxLoPEOH9H4jwacTMumvc6hGLbXzS8DHdqfV4ahrGhZr03Uq7bZSlbdJKUU/PsdPUuRKKi5OTUYxXeUn4I57rXDWZw/lOatjl1zf1WXR8UGn133XZ7eB2XgHh+y6ijVs+MnywSx4SXXt9p+v+ToxZopExD7PR/qFcPTWi3mPCd4b4cWDR9Kylvm2r4pPvXH8KNkrqhVHlhFJeh7KnjPM90+Xx8mS2S02t5kBQqgwoCrKBFQAFAAAAAAAAAAAAAAAAAAAAAAAAAAAAAAAAAAAAAAAAAAAAAAAAAAAAAAAAAAAAAAAAAAAAAAAAAAAAAAAAAAAAAAAAAAAAAAAAC3bbCmtzskoxS3bb2PTaim29kurZxP2ke0GOTrNGh6bY5Y9diWRKC+2/wAKLEbapXutFfqiPabr+q6/rz0quqdGBFqSk/szivvN/hNBt5MmX0bHk44lPxTsl0Un4yfq3vsjp+dplebRXXSpyps297XKW75fwxk+yXkQGfwFkX4N89DuruxafjyIyaV3TtvHxSNzWa+XT1HR5MHNvDSZSjaoRTlXi1LaPnJ+fzbPSirIu6yO0V0jFdvl8v7nqUN7XU9411Pr06//ALb/AG2J/hPh6/ibWa8eEGquzWz2jExMORuvsm0zV8tXe8sjLSpP467o88XL8u/Znba641VxhCKSikkl4Iw9I0rG0XTqcHEgo11x26Lq34tkglsYisR4WZ2MoVZQ0yqAAoAAAAAAAAAAAAAAAAAAAAAAAAAAAAAAAAAAAAAAAAAAAAAAAAAAAAAAAAAAAAAAAAAAAAAAAAAAAAAAAAAAAAAAAAAAAAAAAAAAABpXtA43o4U0qXJOLzJrauHd7+AEB7VOP/4NiS0jT57Zt0WpzX3Y+hxBzenVubblqF8W+vV1xfj/ALmbVfxTRxBg4k9dxseOdGX1GX9nn37SkvFJkJqOi5uh2PLzGrrLZb02RfNGXlLdfPohExvS8xO4bpwtmOek1Y9k5PIqXLbJvfZ+RN8koXRnROVV0XurIvZ/r5r0ZzzhHOWFqKotnKVmV1jFdl+Z+p0Wc41Rc5vaKW8j6GKYtj9T9h02Wufp62t9OUZqeh4vE2dGGXOvBzp7KF9Vf1V0ku0ortLt1Ol8EcI08LaYotRllWpOycV0+SMDg/h+c5rWM6HLJprGqkukY/ia83/Q3pHBaIi0xXw/L9XGOMtoxeAAGXMAAoAAAAAAAAAAAAAAAAAAAAAAAAAAAAAAAAAAAAAAAAAAAAAAAAAAAAAAAAAAAAAAAAAAAAAAAAAAAAAAAAAAAAAAAAAAAAAAAAAAAAyP1fVMbR9NuzcmajXVFybb2AjuLuKcThfSZ5WTNKbTUI+Mnt4HzTqepW8S6nkazqs5RoT6R3338oRXy7nSdfzMXjrRvpObjyq7yx8iDe0Y/mj6nM9T03I99GqyEqtPojzRk18PL4y38ZM148vXJhvjn1Rphczy5yz8tJUxajCCfR+UI+i8SZ0DjDUtBlZbJxyMS7ti2RTi1tt0T+z0IOc4X2OfJ7vFpjywgvBeXq2+55T9/N3WR+ri9ox/t8jM135ee2626Pi63J6pwrK76ZKHvbMSxpTrb7uPmvQ6FwfomTrs6sjUKZVYWM1zV2R2lbYu6a8kc+9nXC+fr2uRyabLceqlqU7oPZx9F/g+kaao0VKCk5bLrKT3b9WK2vHp9nvXqb0pOOs8S9pKKSSSS6JI9IAOcAAAAAAAAAAAAAAAAAAAAAAAAAAAAAAAAAAAAAAAAAAAAAAAAAAAAAAAAAAAAAAAAAAAAAAAAAAAAAAAAAAAAAAAAAAAAAAAAAAAAAADzOca4Oc2lFLdt+AFvKyasTHnddNRhFbtt7Hzp7QuNsni7VVpmnN/Qq5bJLtOS67v8qN44v8AaFomRq74dzYXPDmuWzIx5byhJ9jk+uaVDR5X4+mWSy6rJcjvh3it+kPR+ZYnRHnaf4a1uFltejqbtjGPLCW3SW2+7+RtFlFEovGli1ZGJJ7yon0i35p+DOVYV0tLyq66ZP30pJXTj1cVv1jH+51bAvrzMeE6d+SS/wCx14Yres1s/TdHbH1XT9mSNzDVeIuC8eyl52gzlGilc1+FY/ran4tfiXyNY0vScnWtTpwaKJStlJQhHy9fQ6xk0UwpldZP3SqXMrF9qL/v8jdOEtEhGmrWMzTqcbULYbbwW0nF9nJeEtvI8MtJpbT5PXdJXBb0zxKT4X4fx+G9EowKIrmit7J+MpPu2TYQPJ88AAAAAAAAAAAAAAAAAAAAAAAAAAAAAAAAAAAAAAAAAAAAAAAAAAAAAAAAAAAAAAAAAAAAAAAAAAAAAAAAAAAAAAAAAAAAAAAAAAAAAAABRtJbt7JHKfaf7Q46XjLTdNnvlWN80k+kYrxNk4342o4axa66nCzLtmoQg34vz9DmPFej6ZqFlerV1Tq1KXwzxpS3jdLbdOL8F1ZY+r0ritNe6I4c9dn8Ph9MvnKedcnKHM93GL+/L1a7F/TNVu0BrJ6W22rmlRPquXvvL1Zh2wtruszNQhJWSnyxg1s5SX9kWoSlvLJv+OUm+WL6dfP5IsxthukNC03iKmVvDfNRqsouc9Pumk/N8jfd+h64Wz7NMz1p2ZG3385qMoyltGqK3NKputxrY5cJyhkOW8JRe0k/Pc6vwHp9fHFU6tX03ezGSf8AEK5cspb/AHZee6W4raaS6um6mcF+6rbOFdKev50dSyIy/huNPfHjJbK6a++14peB0hJJbItYuNVh41ePTFQqqioxilskkXha02ncvHPmtmtNrAAMPIABQAAAAAAAAAAAAAAAAAAAAAAAAAAAAAAAAAAAAAAAAAAAAAAAAAAAAAAAAAAAAAAAAAAAAAAAAAAAAAAAAAAAAAAAAAAAAAAAAAAAgOLOJcXhjR7czIls1FqEfN+Bnaxq2No2nW5eTNRjCLfXxOGL2l263rmRjangVZmjWrZwmtpVR67zUu23oPvI03N1PJ4h1ezV9QtlGuD55NvdR6/DGPq/7G08OavLX5ZVWoc00pc0Y8uyhFLp18zXtRwI6pJfwaLWmVScnHxh+aXn6GHp2pfR9RrhTKVWHVJSmo9XP1Z6Vt6vs7/0/qPh5YrafTLoedpGn6kox1auTogtoZFb2nCPlJeK9TSOJeF8vQ8hZNrjfp1y3xsiraUZx8Fuuz8zo+FlQzcau5R5VOPMot9Un2LGTXDFrjJUq2qyai8JreNzf4V4S9T3yYYivdV9Hrf06upyYuPs5xwzoGbxLrNWHjQcveP4pfdjHxb8klv+p9P8P6FicO6TVgYcFGMVvKXjKXi2/Mj+FOFNP4dpstw8V0WZCTlCcuaUFt23+Zs2xyb2/PgAAAAAAAAAAAAAAAAAAAAAAAAAAAAAAAAAAAAAAAAAAAAAAAAAAAAAAAAAAAAAAAAAAAAAAAAAAAAAAAAAAAAAAAAAAAAAAAAAAAAAAABauvrohzTnGK32W723fkerLI1Vuc2lGK3bZw72lcfu7UHpeBN+7rnGFkl126rmS2+9sWI21Wu7REywPaprmsZ+pLTHjXVYsp/DLkfLavBJ+Xi/maBfP3NS03FfNJvlvlFf6k391ei7HUMnOu1DQHg0TdkGt3XJpzqi0/svwfTszQtS4ey9Ew3k1Rlcppx54rd0rye3aXqXtmHRn6XJg5tHH1YWFq2VoWTCOmWRd6l9a9uaNj/C0/umzrE0PjDFlj6bCjS9b25p1uTjVft3Sb7PfwNIUFjx5Un7yT/WMf8AJ5SeOo9frH1bXTlXgiane4c0TpunDmfPSNSlpmdVKqyW8rbJy3eyXaK8jr/Bmgztcdb1CvlnJbY1Ml9iL8X+Z9DUfZppV3E2CnreBVdRiSj7rKk2puSe/L+ZLx39Ds8YqKUUkkuiS8DU5bTXtdeTrcl8UYpniHoAHm4wAFAAAAAAAAAAAAAAAAAAAAAAAAAAAAAAAAAAAAAAAAAAAAAAAAAAAAAAAAAAAAAAAAAAAAAAAAAAAAAAAAAAAAAAAAAAAAAAAAAAAADR/aHxnHhfS3GuLeRbFqDXbm/86liN8QMfjPjHS6spcPTzvouRfF7ZHeNb7LmOL63oWRwpm2ZGXZVl2y+LGsrfNGTf/Ul6oiXOWZffq2p2SshKe+2/+rJdor5F/E1adsrr9UcrcFSXPB/aT8Iw+X9i+PAz+FdVem3Sty7Ixhkvfmn1lLbfd/I6Cl1V9c0pyXVbbxnv4SXijQc7hyebCWtaVdDO02C5pKHSdcV92UfDbz7E5wtrrz63TkzlZk7SlJKO0YxXZL9D3xTEx22fof07qK5cfwcvKvEHDONqMlmaZX7jUrOs8NfYnLvzQf8A8e/Ug+EOD8ziHXfoU4Sr5X9dKUfsR8W/V9kb/lycqoUU1O3MyJKOPVFdeZ/e9EvFnUNE063A06mOXKFmb7uMbrYRS5mv6mMtey2ol83r+mpgvqs/syNN03G0nT6sLErVdNUUorxfq/NmaEDxcAAAAAAAAAAAAAAAAAAAAAAAAAAAAAAAAAAAAAAAAAAAAAAAAAAAAAAAAAAAAAAAAAAAAAAAAAAAAAAAAAAAAAAAAAAAAAAAAAAAAAAAEZres42iadZl5EklFdI7pN/zCxG51CM4w4pxeG9NlZZNK1rdLxS8/wC36nFcDjy/VcrMWu4VGbpMk5SjZupUJ9lGXmSnGulZ/F98dV0vJVuLXHeeNZLlnX135mn3W3ijnGVN3uvTsGLdUZdW1t7yXjJ/L+hrxC2rMcTCT1PTnqlyy9P3jpNacYpf9GPdp+cuhC2TeXOMK068eHWPovxS82+5n6frORo+Qq9NlGytPa2ElvG7zT/KbHPSNI4rxbFoUo4mrxblbhzntG7bvySfdb+HcePKNc0vWs3SdRhkabZ7tQ6ckusZR8eZeO5sVVGNxnluzSVXp+oy6yxYy5YW+bj4Lffsahfj2Y10sOcJRtT2mpLZuS7o6/7K+AYzVeu6lVvWpKWNCS+0195ry8v1ZNzHMLW9q2i0Ny4G4ZuwK3qmqxj/ABC2PJGHdUQXgvV92zdgkopJdEBMzPMmS9slt2ncqgAjIAAAAAAAAAAAAAAAAAAAAAAAAAAAAAAAAAAAAAAAAAAAAAAAAAAAAAAAAAAAAAAAAAAAAAAAAAAAAAAAAAAAAAAAAAAAAAAAAAAABbssjVXKybSjFNtvwSAW2wqjzTlGK85PY+dvaTxNna3rT0yNdtVMLNlDb7b8Nv6kr7UfaDLMtlpGmWyjXFfHZH18E/M1y3iub0WnT9arqsznFKvLcd7aYbbLmfi/XuarERzKxxO2foWrQtqjol105ZPK1K+ElFVpJfCmu6KahworKrIYc4x1GyOyk48sbI+MV16SZrF+nZPDvu8u2PPKz4qJxfNFR8ZNrxfkbzoOr16rgxlc4q+ScvdeaXZ9ex7ViL+mH2emrj6ynZbi0Ob5eBk6PKWPk1Trypx+zJbcsU/D5lmMpYcoyrk4ZEfiUovZx+T/AJHXdRxsfU9PWPqldmTGtN0ZMVzW0ennKPo+xqOmez3Vc3W8XHjV73GvlzQy4revl8ZN+aXh5mL1mOLPndT018Fu20Np4C0KPG+P77W8CTljSShmRfK7Umt4y/F8zttVNdFUaqoKNcVtGMVskjE0rS8bRtMowMSKjTVFJdOrfi36szzx1pzAAKAAAAAAAAAAAAAAAAAAAAAAAAAAAAAAAAAAAAAAAAAAAAAAAAAAAAAAAAAAAAAAAAAAAAAAAAAAAAAAAAAAAAAAAAAAAAAAAAAAAAACjaSbfgct9oXtGlo7jjady2WNvmi30lHs/wBDYuKuMcDS7Vp1jlOdy921XL4k5LskvFLqcU4i4ZyMXIlrGTlxzNPl1jbF7Sb8IOPht4/qarXcblqa2ivdrhezsPQs7Ejrmlxtqzbk5rT7/Ga23kvNGnxg+azPzeaTUvhi+85Pw+S7/JHqF1mXl/S7JuqupJuUeijFPpGPr6E/TPTuLoqm9w0/UILlhPflqnHfs32jIc75ZYekcQ34sbatRphlaZJ/HRJ7NP8AI/Bk3k6bTVzcQ8NZU7cFx2tpls7qH03i15epres6Tm6ZqLwsmqVUa1vBrrGS/En2ZbwM3Kw8yFmnzcFB+PWMl+aPivQvdNeYbxZLY7Ras8w6LpfENWo0ynTVKy2Mo1V1r7Vs2uy8jq3COgT0PS5fSbHPKyJu21LpGDf3YrwSITgbhvBspx+IbdL+h5l0G/c7bRTb+0o+DaN+QyZZvrbq6vrb9RFYnjSgBXYw4QABQAAAAAAAAAAAAAAAAAAAAAAAAAAAAAAAAAAAAAAAAAAAAAAAAAAAAAAAAAAAAAAAAAAAAAAAAAAAAAAAAAAAAAAAAAAAAAAAAAACD4g4hwNEpiszJjRK1NRk3tyvwbM/UdSxtNoduTdCqPZSm9lufOHH+VrWr8UTry6pRr6e4aXwyj35t/I1Wuxa4n0/XZcRWZWoSlXTKTlHKi94RhvvvGXi9n+5I4GpY/E8ZUx3pnTFKKsl/rLbrzR/TuQMOI74YsdAhZZk6dH4Zxbbcpb7tx37JPsvQu5enX6HTVnaVZDJxub476vi+L8DXdbGot6tOzpc9cdu2/NZ8szW+FLLKYy0qDlVCS95jL7cZbfaa8V6mrXRlXKWHFb8snGe/Ryl4p+SR0vSdThqFcVXY45tcYynKC2dcn4J/wBi1xHpFWrv3vJGnVbfh+kR6V3f7uvwyPW2PUb8w9+q/T5xx8TFPdWWqYnEMLsSrR9Y58nBj8MbUt7KW/wv8PozoPBHsyrerValkZFWXpkYq2lx6u1+CkvBLxXmahwj7P8AUNX4i+h5VNlFdW0rpyi1yx38PNs+j8DAxtNwqsTFrVdNUVGEV4JHPP2fNlkJKKUUkkuiSPSDCIyDcMoFVAAAAAAAAAAAAAAAAAAAAAAAAAAAAAAAAAAAAAAAAAAAAAAAAAAAAAAAAAAAAAAAAAAAAAAAAAAAAAAAAAAAAAAAAAAAAAAAALGRk0YtMrsi6FNcVu5Tkkl+rNQ4v9pOj8L8+PGay9QUW1j1yT5X4OT8EfPfFfGmscVZbnqGW3WvsUV7quC38F4v1ZutJnmSeOX0s+PuFIqbevYPwfa+tXQwsT2g6Tq1869Im8mqpr3+TJONVe/gm+79EfMmh6Nl69qSwsSG838U5y+zXFd5N9kdB4tjZw9w5j6VovxYO3LblV77ym/tbv8AE+3XwLNa71HkiONrntN13VszWKqYRk8RzjKmytNwtW/w8rXh/wBzJhqb1fRXp9fubsiEPr8fd71p94wl4fLsatp3EuXoGk/QsrbJqu+KFFkd3THxkn3Te55xsW7QYLXcSVluNZLlhHu5Nvd83yXh6lrMRw6emyVi3beN1lj6noeTw9jRujvP362jZFdIR8t/xPx+Ri6Nq+Vw/wA19e1iu6OifWE47rdyX9Do2nZePq2myy6lGULd42U2LeMvRrz79e5AcQ8JY04S1TS4zhCC+vxLJbyj0XWHnE3bHpvqejvg9Vea/V52wtRktX4dU8bKlLmv0tP7W3eUX95d+3oTeiandr8LMWnG/wCett91GmfXl/NLyS7nNsGebPVKp4spxujJKLi2mpeCW3jufUHC2hywsKnN1CimOq21RV9kI7N+PX18zPxbV3C4euyYqTWOYlI6Jp09N0zHxrr5X21wUZWS7yZJMqNjxcczudyAAIAAAAAAAAAAAAAAAAAAAAAAAAAAAAAAAAAAAAAAAAAAAAAAAAAAAAAAAAAAAAAAAAAAAAAAAAAAAAAAAAAAAAAAAAAAAAAAPE5xhFzm1GKW7beyRzDjH2u4umWWafoEY5ueltK3feqt/PxLFZnwtazM6rG5b9rev6Zw/gWZup5UKaoLfZv4pekV3b+RxXiv2w5mpwnj6VGWn4T6K2T3ut8+VfdRz3XeIs3Vcp5WqZcszLb+GMntCv8A2x7Igp2Tvm52SbZ6VrWHpasY/m5n6L2VkyyJSSjKMW9+st235t+LLmBpuXqViqw6ZW2tpKMfN9lueMLDtzciNNK3k+u/kvFna+H9CxOH9D90rVTqd1TlVKyUVyyfTeS7+P6C1vaPLy5vPKKhok+FeEr8PSpRydWl8Wa4Jc0I+cfOK/qiP4V1t4WmSqznCtzny1Qv+JZDbfWUX5PxIaE9b0PXL8/UbLapUy+Kb/6j8IrzTPblPjXUlbW442VWltGKSTinv09exO7tnl74cnZb1RuJ9nrV+HL78nI1WzGlCqD576YNy3fgo79k/wCSInR9bz8TNutUoPGlH6+ia3rlBfd28+2xteja5N5y03LVtdtcpKFsn2SXXm3777N7EjqfCWFrmDOWnpY2oqXvElsqcnzSa+y+vY3FN8ujP02qfFxc1/wjsKGLnVLVeGJSqyaYNZGn3z7R3+1Bfe+RL4Gr4OsRjta676IqxylHl5H4vr4d+/mc2veTpWbKmHPVk0vab6qSkvBeaR1fgbQ8TjJLOzsOWNfjyjG+WPtGrKS68sl59FvsWMs1jtmNr03X2x17LxuraOEeF9MzrsfiS3TVj5Sb5dltG19o2cvg9joK8TzCEK4KEIqMUtkkuiPaOeZ3y4bTuZkG4ZQMKgAKAAAAAAAAAAAAAAAAAAAAAAAAAAAAAAAAAAAAAAAAAAAAAAAAAAAAAAAAAAAAAAAAAAAAAAAAAAAAAAAAAAAAAAAAAGLnahi6ZiTys2+uiiC3lOySSQGUaxxRx1ofCdO+fkqWQ18GNV8Vkv08F6s0LW/arm6x7yjhmEcTDi3GzVMqPTb8kfFnKtUuxasyzJuvvzMifxStvlvKb89vBG4rEfM6cXTXyR3TxX6yneKuPNb4ulJX3S07Sd240Vy2cl+Z93/Q0q/UYwi6sSEYV+Ml0lLzMfNzbc1r3j2S7RXYxVE1vZky1xx24o/f3l6Scn3L9FE77Y1UwcrJPljFd2y3FdP/ADdnU+COEXgUWarqFUm4183Lt1jHxXzfbp2TEzqNuSImZX+G9H07hHS46rq8qpSltKMJPf3j8N/RfuzF1rTcrWs6HEOi59d1O3NZCUkp0ru1yv8AsXLeINI4zyJaXqVd+NGLccW2CUnDbfo0/A1XUbr9EyFgafc7aIvrfHvc/VeC9CRx58vSttTEw2GWp1cX4v8AD4zl7ujl3jdHZx8OZb9f0IHVtDzdKnVjYkZyrb5o217p3S84teXZIzYYNWbjSlpM3DVoqM8ihvd7J77Rfd+ps/DmozvrqpzMeEs6bdixZbrmjHpzJeEvkarEy7q1p1Fdxxb/ACisTM0/UcZ6br9co5s4Kr+Iwjs4S8IT2+1smkzLeo28M2W6ZrE/e1e7iq5VfFGUU9k1Lx6dTM4po+gUy1TDcbKro8s8ScPijJfiXp4SXfYieG82rWpxwM7T/pFV00u28ubwcX4PzXYTknHHMPHDmvgvqP3hsNXDeBxBlwxJxlZa6XbVlVw5pQi+ym+z79NzrmhaVjaPpNGHiVRrqrikkl1b8W/VkNwloOPpFFtNbdkpTbtukvil+FP5LobYlstkeE2iZ3Hh5Zr1taZrGlQAV5AAIAAKAAAAAAAAAAAAAAAAAAAAAAAAAAAAAAAAAAAAAAAAAAAAAAAAAAAAAAAAAAAAAAAAAAAAAAAAAAAAAAAAAAAAAAeZNRTbaSXdshOI+LNH4VwvpWqZUak/sVrrOb8kjifEvtC13jKEqcHm0jR3F80nL6y1fNdevoaiu+Z8LWs2t21jculcW+1DStCbwdN21PVX8MaKHzKL/M12RyHVNVz9ayll8S5bzLIvmhgVz2oqX5tujS/yRMLsbSsWUMb6qvvO379nzZr2bq08jeFXNCvx2fWXzN1mP5X0q9Lj6evf1HM/9f8AaU1biCUmoVcsnBbRjFbRr/2o16c52Sc5ycpPu2WyqGnHn6m+edTxX2j2VKo8t7HqPNKShGDlKT2jGPdvyHhzTDd/Z9w9DVs2/MtnCNWKuacpx3jBfie/TfwX6m4a9rmpUZWJmaLVHN0amXX3S3k2n1Utuz/qaVpHEkOEKp6Tk1LMpydv4hWpbKK225Y/mW/80T+RiWcLafZregZFuXp2Q48kZLb3KfV+8j169luY7udz+z0rqF3iWjG1DEeTpWBXjajfFO33bXw79XFr7rZrekZ8NIgsXWMZzjdtyR2+sp8OeL/sZ+m42TRTkcQ6e/eVSTd2PHrLm5lv/wC3ffr6GwVabpfGNKysiSqsi0p5CXKvD4Zev5ka1vy65w1yV78XmPMf6QmNwtbp8Y65iX2ZOFBqdVtKbUnv0lzLqtuu6fc2CGZVrmKsjUb41Z1MU8XU8NJKb7cstu0jHx3qvDHEE8eVkKsX3fw1zT+j3Urum9u7/EYGp4F+bd/EeHYSqxYSblix6yg5PrLb70X06+hqbdkbny5K7ifulcDW7rs94GrYqhkU1Oay7H8Xmk9+6kv3ZtOl6TgaTZRn14Kx87Kr3rob3VSb6yS8G1t/MhtLyqMThx6prsaraMWaWMpR+OyxPmcY/l36bduhI8KTytd1yjKy38du9rj3UY+EV+hy2tOSefZ75ss5IjccupafQqMKuPi1vJvu2ZQS2SSKs3DmAAAABQAAAAAAAAAAAAAAAAAAAAAAAAAAAAAAAAAAAAAAAAAAAAAAAAAAAAAAAAAAAAAAAAAAAAAAAAAAAAAAAAAAAA0Pi72qaBwtCdXvlm56fKsehp8r/NLskWKzPEDdcnKow6JX5FsKaoLdznJJL9Wcj4r9tEIZU9M4Vojl5D3j9KfWKfnFeO3m+hznX+Idf45vlk6rkyxdNfWrGhvy9OvSPi/VmLXCnDpcMeuNVbXLKTfWXzZrVY5nmXb0vQ5Oo9Xiv1Xcv6Rn5z1DXcueoZz2fLKW8IejXjt5djC1HVFQvrJqVm20YR7RXkl4Iwc/WIwbhjPdro57fsiDnOVk5TnJyk+rbLM7duTqcHSRNOnjdvquZOZdlT5rJv0Xgi0mUCEPj3ve891p3JtsV38mUZRiZYens1yt9WTFaWh4scmfL/Ebo/VRkt3TD8TX4n4L0LeDVVp1C1PMipbvbGok+tkvxS/LH9+hZoplqN92dnWyjRF819vjJ/hj6tbGZnYrhV1UQ/ieXFzinvVU31unv3f5V3fmSvDPEeqaVqV2dG9rGlHbJrmuau1PtFx7dfDYiJWW6vnLZRqrit4R7RpgvP5Lx8yl83kSqxMOuUqovaEIr4pyf3mPZXTdPoq1i6vW+E8h1Orljk6fL7VMX32j96Pc2qrEqzKqp6Vixxsypubx7W41ZO66peT6eJxyGqW8L5VdOlZO2ZS4yyL6/GXdwi/GK32fmdUwuJFxXobwKHTh6+oc7x5dI3LxcH4S9GWtpid+z0pea27oXMi/A1zAek5N7rdblJ40W+atruoSfVpPwfcweH+H8vh/O+kX5Ea9OhCVksrp9mL+yk+0n4njSKJ6zmcuXizw9YxYSUciMftJd+df39DX+NOI6766tB0yb+i0N++u8b5/ebfluZyT321Hn3euXJS0RaI1ZgcT8S28S63VClOrTqpclMNtlFb93t3fidk9n1Ev4pZJRXuoU7LzXY4zCiT4KjbTjQ3xc+LuvcvilzQfKvl8P7nafZ9enlJp/DdVzL17FtTsiIjw5t78ujgAxAAAoAAAAAAAAAAAAAAAAAAAAAAAAAAAAAAAAAAAAAAAAAAAAAAAAAAAAAAAAAAAAAAAAAAAAAAAAAAAAAAAAAFq66rGplbdZGuuK3lKT2SXqwLpE69xFpnDenyzNTyY01r7Kb+KT232ivFnN+N/bRhaapYPDrhmZTTUsh/6db8l+J/scgvhq3EGV/EdfzbZRlu4qyW8pLvtGPaK9T0imubNUpbJbtrG5brxN7Xtc4nnZp3DuPZh4z3UrYv62UfWXaK/c0ynT8fBbuypxyspvfml1gn6eL+Z7eTCutYmFXGMPvRjvt/7n4vYwMnNhi95q3Ia7/dT+Qm3tD7GHoceGvxM87/x/wDbPvzVCErbpuK8N31fyRr+bqluTNpLkr/D5/Mxr8iy+bnbPmZZ5vQy8Or/AFG2SPh4vTX/ACNlEU7sqkV8yfqqU8SrKDaPTfQztOwqrIzzc1yjhUy2kl3sfflj6/03LWn4Ms2+TclXRTFzutfaMV/dvoXsrIlqeVTh4dTjjV7V49W/r1lL1b3bfy8iTOxRzyNb1F2WOMIxjzdPs01rsl6LovU85eS8uVWFhQl9GrbjVDxlJ95S9X+yK519OPQ9PxZc9fMnfYv+rJdkvyp9l47egcv4bRypNZk4/E9+tMWuy/Nt1G+NwKZM4YlMsGmXNu/r7Iv7Ul91PyRnf/QcOufMv4jkw5ox/wDQrfZ/7pdX6LYxsKiGDhrUcmMZNvbGpktlZLxk1+Ff1ZZog83JtzM2cpUqXNbLf4peUV8+3ohCrmJXDEpWffFTl1dEJP7cvxS9F39SmFK+Wa82d84OuSnO2L2lv4JPzPMnfqmd0SW/aP3a4r+yGTdCW2PQmsevpF/jl4yZffQ3jI9p2p6jouXjWV49OTZBQeTCG1lkPCLf9WafV8Xxt7vx8zDjHx8fEzdPg7MquKi5NySUV49exqtKxvTM8uu6XoMo+xLVrvdyTuSvjzR25uWXRrf0Wxc9k2tQyK6q5SSuxXyyXi4y8fkbJ7TrJ4HswqpoTqhKNVcoLp8PT4X6HAtC1fJ0PWa87FslF1d1v0mvwstp3Tk99PsaMlKKknumeyB4Y16nXNGxclL3dlsFL3cu6J48IaAAUAAAAAAAAAAAAAAAAAAAAAAAAAAAAAAAAAAAAAAAAAAAAAAAAAAAAAAAAAAAAAAAAAAAAAAAAAAAAAAEdq2tadoeHPK1LLrxqYLdym+/ol3b+RwrjL2152oTtweHYyxMaXwrKa+tnvt1ivumq1mUdX4t9omhcJRlVl3q3N5XKONU95Pp4+RwbijjziHj3MeLWpY+FF7rHqntFLznLxIOnRrsqz6Zq9lkVY1KUJS5rbd3vvLf7KL1+qU0Qjh6fTHb8MOyf4pPxZqJrHy+XZh6O+SO6/pr/efxCtOJg6PH39045OTHrzP7EX+VfefqeJ35GdzWWTlTQnu5SfxS/wAGNKMMZLJzree3b4YeEfkiMzdQtzJNNuNa6KP+TMzM8y+nbJi6Smojn6e8/n/TKytThGEsfDXLFd5PuyLlu3u2235lA+ofIz9RfNbdp/ZRgIB4KbHuEJWWKEduaT26nnruklu2Z1daxocq63y+KTX3fQRCbYt9E6JuM1+q7M9YWJdnZdeNRDmnN/pGPjJ+SXdkpZpudkY8Z8vNJ7KMPHqecuUdJxLNNoaeTZHbLsi+2/8A00/JLo/Xcb9hYz8qn3a0zT93ixkpSkl8V0l2l8l4L1Pd+2j0PHW30+2G104v/Ri1vyJ+D2e7fqUocdJxY5Vi3zLutFe32I+M35N9kvExsWqDjPOy95VRlv16uyTf2f592T2HuiuOFjRy7IqVkulFcuqW3Ryfp22+Z7wcaGRZdl5cpfRqvinJv4pyfaMX5t/sW6K7tWzm21GO3NOTe0a4x7v9D1lZMsyyrDw4f8vB8tNfZyk/vP1fQoW2ZOtZ8W1GEUtlFLaNNa7/ACR4yb42OGPjxfuIPlgtusn+J+r8C7lyhiVPBpmpS732R+9LxivRCrl07HjY9ll2x3hHbd1x8JP1fgNq93W/Qsd4VTXvZbPIlF93+Fei8TBT/wCwfxPr/wCf+dyqNRGklfqg5bLzN49nmlU5nGWmVXx3r95zbbfaaW+xpuN9uP8AM717IeHVThW69lVxblvHHb7pdpP9S2nhPda9uere40vC0yMulk/eTivJdjiGFiSys7Fxtt5WSUpfLfobl7SNZjxDxrbCEuajFXI/J8r3b/mR/BWIsrWZ5binCpNxTX8thadViHrWuqd0+/h2ngfFlLLhFLarFhtFerOiGs8GYf0fSHdKLUrpNrdbPZdjZjyYAAAAAAAAAAAAAAAAAAAAAAAAAAAAAAAAAAAAAAAAAAAAAAAAAAAAAAAAAAAAAAAAAAAAAAAAAAAANW4s470XhDH3zr+fJkt4Y1b3nL/C9WWImfA2adka4Oc5KMYreTb2SRy7jL2zaXo8bMTReXPzovlc0/qoP1ficr4v9p2u8WN4vP8ARcGUtlj0S3cl4KT7yfyIHG0ONKjbqUvdrZyWPHpKS/N+FfuaisR8zePHfJbtrG3vO1HW+MdQsyMvJne1LmlKcmq6k3vsl4L07l+qGBodPPBRtyUut812/wBsfBevcx87W4VRWNiQhyxXwQitox/TxfqYkMOVqeVqE9ovtGXdr0La0z+H08HTUpPHqtHv/LC7PKzNVtbi5Qpb+KT7yXnuW7MrG02Mq8eKna/tSfmY+XqjlD3OMuSrtul9oi9231MGfrIpMxSe631+n4Xrbp3Tc7JOTfizwUDLt8u1ptPdadyAoAy9IoxvsZOBirLylGTSUU5dfQIu41Spq9/YlzvpCL8F5sk8DDeRbKySUa4y6N/eZapwnlZUoqScIP4pLtsbPBQ07EryHFe8ktsev18JNendeomdDxbOWDQ6oJfTbo7Lp0pj4/q9/wBiKlpGPCh59qdkY7qMG/8AWl4b/lXdkji47nz35E9oJ81k313/AC+r/wAs8t26hlKTioxitoQ7RhFCBqX0e7PzbLclyUV8Vsn2ivJf2R4tnbqWVVj49TUd+SmmP8uvq/M2LVMeGVV9Hx5csYNNyX35efqR19ctColSo7andD6xx/6MH2ivzNdX5biBj6jdVi0vTcSSkote/vXa2S7pfl3/AJjb+F0LmX/O3R35f/Sg/wD5Pr+haxaY4dKzb0pS32oi39p+MmvJdv1LdUZ5l1t99jUY7ztsffr/AH9BoXMTHrrr+mZCcoRbjXD8cv8AC8SxbKd9jus6yk+p7vueRYto8tUVywiu0UeYr4eXw8CxBMvKT8j3GDckV5fUv0U8737+hpJlMcMaLdretYuFUut1kYuT7RXi/wBEfQ3Gmp4/BXAUqcb4JuCpoUdlvLxZp3sg4WtpynrGXjyrhVFqqU1tzNruv0ID2q66+IOKK9PonKWLiraUe0VL7zJWN23PiG6Um9orXzLQ0p14NuRY27rpcq37vfudA4D0pvEpgv8AUvsXVLrsaRkQ+kZ9GHWvhi0vP4pf9tjt/AWmr6fXstq8Wv8Am+xm07dHU6i3ZXxXh0fGpjjY1dMFtGEUkXggZcwAAAAAAAAAAAAAAAAAAAAAAAAAAAAAAAAAAAAAAAAAAAAAAAAAAAAAAAAAAAAAAAAAAAAAAHltRTbaSXVt+AHowtR1PC0rEnlZ2TVj0xTbnZJJfp5mgcZ+1/SuHp2YWmxWoZ8ejcX9XCXlJru/RHBeIOJtZ4q1D3+o5FmRZJ7V0xj8MV4KMV/g3WnvbhHTuN/bZZfXLC4X3hCW6llzW0mvyrw+bOVU42oa9kWZNk5ye+9uRdPmin47t938iQxuH6sKKu1efxpcyxYy2kuj+2/BduhY1HXueCpxoxjVHpCMVtCPyXn6ltaIjVXZi6bURfLPbX+8spTwNCqSx953tbO+f2t/KK+7/UhbszK1K5wrTSk920+n8ylGHbmy97dKUYeM5eJcv1CnFrlRhRSl2lNLuYmY/d3aiKbmO2n/AMpe4wxtJipWONuRt0W/ZkdlZluXLmsfT8KMeUpzk5Tk5P1KblcWbq5vHZSO2v0/2oACuMQffYowiCoBcox7cm+FNMHO2bUYRj3bfZIRG50M3R9Jv1nPhi0bRb6ynL7MI+MpPwSNj4h4YWk5WRPTHK/FxqIztm5Lma7OXom2mjOo0x49K0PBkpTclLUstfZi/wD00+2yS/Ump5GmT0XOqhP3eJZKMr7U+aVkYvot323kkkvkJtETpe1pWht49N2dkpvFi1Hk7O2a68sfl4kpRK3U7/pMpxlKa7t9K4+S+RG6vi52ZkVTop2pi1CqqH2Yp9e/m/FmO9QhhQWDjtSUXvfJffkvBeiJxPMExpNX2rIccelNUQe0dvvPzfnuxbONEPo9e0py62y8l+EpCccfHU4NO62Pwpd4LxbXmXMPHjCmzNyH9RU9uXfrZLwj/kIuUQjp+LHJsjzXz6URfgvGb/sYEtPp1CVl+XKXLFuU5Lq5S7qP6/0Rkr32pZ0pyey23k+0a4rxj8t+iPF96ulGmrmVEXywS7yfm/UkToa9l0ZGfnxrknBtctfT4YxXZfL1MbNj7hrEr3jCHVy/HL8Xy8jasmuNdDoa+OS3sl4xX4U/6/IhKlj5WDkV3W7zpkljvl6uPXfr5Lp/M1CSiVHcuxSRWdUqbJQnHlcWF2W3mbhmeXvkfM0uux0P2Z8GPiHU42ZMZfRKVvJrs35GmabhzysiEK4SlKUlGMYrdt+iPqDhTSKOG+FqI21Qx7FDmtk31379WYyb4iFhhcecS4/CfDdlVHLHInW40QXTl6bbnzxhSmldm5EnKc25yk+/z/mTfHfElnFPFFlNU28KuTjDr0aT6t/NkJny5MWFMVspvbb8qNa1EVh9Lo6dmO3UW9uI/LP4Ux3l628m1N8m85b9er7I+iuD9P8Aoejxun/qX/G347eRxXgjAnOmCivrMqailtvut0fQ9FUcfHrqiklCKikvRGLTy+fuZncrwAIAAAAAAAAAAAAAAAAAAAAAAAAAAAAAAAAAAAAAAAAAAAAAAAAAAAAAAAAAAAAAAAAAAAAxNQ1LD0rEnlZ2TXj0QW8p2SSSOLcZe292VWYfDMHHduLzLI9dvOMX/Vmq1mfCbdS4m4z0XhTEduoZMfe7fBRBpzm/Rf3Pn/i72ra5xLO3HoseDp8pNRpqe0pR/NI0m+/M1XO57JW5WXc+re8pSZN42h4unpXaq422x6/R4z2jF7ffl/ZG47a+HrixXyz21hGafo2TqM5WR5aseL+LIt6RX/8Ap+iJn6Zp+g0yhgpyvceWd8knZL5L7q/cwNT4hsyIqulqMY9IqMeWMV5RX9yIox8jPt+Dmlv1cpdjFrTPl2UrTFPbj9Vv7Qu5WZk59vI29pPpFPv+pk04VOJX77LaUvux7/oepTxtKi1W1bkPu32Iq++zJk52ycmZ8y3ktTDPdlnuv9PaGTmalPJbhDeNf4UYTG3qUb6lcOXNbJbutKgKA08lUUfQIo+pAAAFV1kl4t7G4cOYrwNNefjctmo380KFFb+5iukpy8u+yNOTNn4YzPo+U67ubksi4xhFdbZPtH0W/iJmdcEeXQtA0NvTIYE73Cy6TtlYlvzPm23a8U9nt+pG69pVmI3gqFToxZvmnuuWcunV+b9CW4Xy7dQzs3JzrVjPFg4Sx9+VxSW3NLy8l6Iu6RmYufHPx8DDnbRbZtWpNylJKLb5ebtvtv8AJGe2ZjbcztrOZlzx/c4Sr5ZSUVbKL7RabcU/BtkFqmlYumyry61KVijzQo26Nvs9/Jfub9ncOxv02WVX7qU4y2lFtuaSk99uu23br1Narm8nXL8eypSulLlU5eEUtlFLsl4/oZ1MSktT0yd92dOd05KMd55E5LdKPj+vkbUsrG16iinEqVNlSlGutPdS38/J+voYepYENRpsp01qNEJvm5d07JRX2pb+G76L5kPC6ei1qDajnTjtLr0ri/6SaNxzDKdzdsWMsKt9Hs7ZL7z8EvRHmpRxcf3u79/PpVH8MfGT/oXsLNxs7ClkZkOWdKUYNdrH4Rf+SG1TUJV7qOzyJvdJL7KGhYz8mVknjY8233sl5FilRxqXN9Iopi0Qj1bbSTlKUn+5g5eS8ixxi9qo9IryNxDMvVt08i6ds/tSe5WEXJ7epah1M/Cxp35EYQg5Sk0oxXd77GoR1f2OcOLL1WWqXV/VYkdoNrfeyS/t3Nr9sHEz0vQoafTJq3KbTabW0V3J3hzCxuB+AqnlNVSrr97e29/ja3a/sfPnFOv5HF3EdmRZZL3bbjXFt7Rj/wCeJI59T0pW17RSvmWNpmP9TK6XSdn2dymXy5OZCuCbjuoRf9TLnNY9DlHpyx2ivN9kU4exvpGrQk1vGtbyfqY3M8vrfqU1xUp09fbmfy7F7OdIi8lWuK5MWCSX5v8Azc6kaxwPhfRtAjdJbSvk5fp2Rs5l8gAAAAAAAAAAAAAAAAAAAAAAAAAAAAAAAAAAAAAAAAAAAAAAAAAAAAAAAAAAAAAAAAANf4k4x0XhXGdmpZcY2Nbwpi95y+SLETPECelJRTbaSXds59xt7V9J4Vg8fE2ztQfRQhNckH+aX9kcp4y9rusa9ZZRp856fp7Tiowfx2dfGX+Dn+PjZepZfusaqVtj7+UfWTfZerPStYj5knc8QmOJeMtY4ryVbqeQ5wi94Uw6QgvSJi6boGRnqN98ljYe/W2cXvL0jHu/6ElTpun6NH32XOGZkx67f9Gtr0+9/QjdR16/KlJVzkk+nM/LyS8ES1pnw7adNXHHfnnX295SNup4Wi0Tx9PrcZS+3Ny+ss/3S+78ka5lZtuRLeTaXhFPoi3CFl9nLFSnORKVY2Pp1avyWp2fdj6mZl71i+evbX00j3//AHlj4mnuUfe5ElXV3692j3lajCEXRiRUYdnLbuYuZm2ZctnLlh4RRjeBHnfqK469mDj6z7y8tt922/UB9wXbhNzxuV2GwADYbBAFAUNipRnqEVPmb7R/l/51AnNI4Yv1DEhm23UY9M7lVj+/nyq6W+z+UVv1ZaVPuM+zD95S74TlB3xs+H4enwvxW67/ACLLyMvOrog5ylVTFV1xb+GEe/Ree/iWYWOiyN1aXNCW6TW/QtpjWoE7ia9fTg5un5LlGN8ueVkesnJdlLxaNkozr9F4Zx8mtqWVKEqqfo73jTzLaUpP8Ul8K8luaTjqvKwc6dkX9I3jyS36Lz3XiXcTNuwIKlSseHZOKuhLrGXXd/sZiZiY0sS6hpm+Dw5Q6cqMsiU4pOMt1zykn/7mluNf0mrDjDHx8hylkxULLJPs31bfik1v0IDStQnxBrtGlY2OqsWybcfdNpxj0f8A7eu7b+SNs1DJxv41p1GBUrnj2uSa+KU2t95Sb8E+3m9hzMq1OWPLSKMnGt5VN7Ktzhy8vXvJb/8Amxhz0HT7dPsy8mdsozcnG2PeTXeX69l8joOThRzeNKoZOPCfuanJuxp1ylvHrKPffdtfoQGtRp0zHqwL8KMr6ciXNFS5Yvfqmo+m/wAjMxaJ17jnWTfOi6pbONHI/crfw8d/Uzp4uBKv3mJfddbKCU7LFsk/FRXgkdOx9G0C7hinOzKdNuo91crp2t++94t+RRS6bdTl2s8PZ/DeDiX5MlD6ZGUo1J7zjHfpzLzff9TpjFPZ3SxKHy7XFSora2+89u5ixie64uUkknJ+EUt2yRlpebTS7bca2EFtvJxey3W/9zz3BrbEopc57JnYvZHwZ9LzHrmdVtjUPalSX2pru/kjT+A+FZcTatHGhZGMIx55yi+vKn/3O/ank6dwVwp7qvauiiG0V4t/5ZJtue2E8Oa+2rip221aHjzSrXxW7P7Xl+m5zDSqOWqd7XWzpH5HjVtRyOIdetybejtlso+EY79iRhyc6hHpGC5W/Ulrfyvt/pGCvdOe3iPDGzZ7yrr8I/FL0fgbVwFpssrKqgovmyJpJ+UV3NNnN3WufjZLZLyj4HZ/ZbpsZZqslDeONXun5Sf/AOjMvm9TmnNltefeXWcemGNj10wSUYRSSRdAI8AAAAAAAAAAAAAAAAAAAAAAAAAAAAAAAAAAAAAAAAAAAAAAAAAAAAAAAAAAAADy2opttJLq2wPRjZ2fi6ZiTys2+uiiC3lOx7JGh8Xe1vReHoW42BZHUM9dOSuXwQfnKXb9EcB4i4w1rii526nnTsjzOUKobxhFeSj/AJ3PSMc+bcJt1HjD23S3txOGqYqKbX0y1d/D4Y/3f8jjOdn5OpZtuXl32XZNj3lZZLmlLz6/2KY2JkZ10aqYczf2pN9IrzbNgoowNDh71SjkZXjfNfDHo/sx8fmyzaIjVXvi6e+b5Y4959mHgcOTlCGTqU3jY8vijDbeyxei8F6sy8vV6NPxXiYVUaqfwRl1b85S7yZFZ+sX5Um4yaUvtSb3lL9fBehGNtvdvdmJ3Lp+LiwcYvVb6/6XL8m3IlzWT38l4L9C0VBpxXte9u63MpbCzcSmtQUHGXZy26srZh4ua3NZPxP8TIgczj2bXyM6dtf1C00jHesTWGfbpFsIt1yjJLyZhzxMivfeuQhlXVtck5JeW5l16vfBJTjGa8d13Jyv/EyfWv8AdHcrXdNfM8tky87DyP8AWx1Fv02KPCwchN028r9XuPHknoYtG8V4t/aUMCSno96jvW4zX5TEsxrqf9SuS/QsTtz5Omy0+aqwUKlA5p4ANn5AiqPsZNMceymFdtjg3apT2W+0dn1Mcqls992/mUSM7Ie+VFG8qoJuO3j6+pbnTVSrJe85peC23XUxsa+eLOUq9viWz3MrCnC2uyd0oxlH7ENvtMC0rJqLUJOLaUWTDm83TcPDqhDnjJR6vZqTfUj7YTlXFwglt1fKjxXN4eVGc042w2ai/Hr4/oBJ42Vm8P6nYsbIjGezqnyPdSj4x3+W/U2jgnVqcG7MznOM7Y1y93Tu+eKW8lLd/svM1yumORCWbZVzUT3js3slLy3+b3I+udmJCyGO3L4HGUoL+e4i0x4V0nh7V6Fq1nEOdOy6Snywoi93JbdOjfRLr1fia5q+ZkZVeTlXuTstuagoy5vdxcm0mxw9O3Wao4GNjVRqpqlZdKO6lJJpOUn4+CMV1PDw8nG9/Gyy7ZRrT+y0+kpEteZjXusJ7gjHwMeN2tarZGePhR5sel9pz7cz37RW/Tzb+ZqnE/EF/EGs2ZmRPmXaKfgv/Ni/xHl0YGnVaJiz5uVqeRZ4zklsl8l1NZT3Oj4s2pqWLN+9mOFVZq2XmTxPpM8SjnhFpOMZb7KTT9Wdd/4cx44Cos5ci+3a3K/Cubokl5nDOEtczOHtS+lYji+aPLOElvGUd99md20HO1Xi/TZTrxo6dizbUslRTlJ+cV/dnnauoj7rE8OfcA5sOH/aZZiUx5qMiNlUnHwjHqn+jS/cjfapxnPXtWlg4s5fQqZbLylJPv8AoTnEumafwFi5GVjZFt+p5O9cLrUuaMW+qil2Xmcjgp52Yoby+OW7+XiataNRryVrOS0Vr5lIYEPo2Lbl2dZS+z6+RlPmowVB/bs6P5vqzxbGNuZVix/0qYqU16rsj1mT5ruXfpWu3qzxmNzt9/qbVwdNNK/j9/d706tWalWnHeMW/E+lOB9LWncP1TlHltyF72f69j5/4Uw3m6pjUuLbumo9Fv3Z9Q49McbGrpj2hFRX6IPgLwAIAAAAAAAAAAAAAAAAAAAAAAAAAAAAAAAAAAAAAAAAAAAAAAAAAAAAAAAAAMbOz8XTcSeVm310UQW8pzeyRxnjX20tOeBwzt4qeZOO/wD/AEXj82arWbeE26dxLxjo3CmI7tRykrGt4Uw+Kc34JJf1ZwTjL2savxNF4mLzYGC2+auuT55rw5n/AGRpGoahk6jlTys2+y66T3lOct5P/Bm6PwvrOvSb0/Atsqj9q+S5a4+rk+m3yPatYiPTykyh2t9vAv42HK+a3nGEfOT7m3vhzhzh9c+vau87I/8As9Naa+UrH0X6I9z48wcGPu9E4Y0zEin9u6LvnL5uWyLakzzMtY7Vi27RuEXiVwogqqFKTfV7Qk2/5Jl3/hnPzJ8707ULebxWPLr/ADRl2e03iFLaqzFxl4e5x4xf8zEt444sz3yfxTOsXlVul+xmMcQ+lb9T3SKxSIiF6vgfUpy2homZJ+Uo7f1ZkR4D1X/8LJf7pxX/AMiEvy9f5+bIyc2MvOdsl+xixhquVPeEsy3ftJc0tyfDeP8AHz7Vr/Rs74K1CD5Z4FEH+a+C/wDkU/4QyY9HThJ+uTD/ACRWJwfxNnS2r0zNk2t05QkkxbwbxBSlF4OTJ77NRg38iTRf4+//AFj+iT/4QyPGvCX/APKh/kwtQ0CGm1KeTXi7PsoXxk/5JmfhezfW5xjPNw82Dkuka6+Yk6fZfkSkpXYOrSk+u8YRSX7k7fuf+Qv/ANa/0aTNafFpOpLfbsUjVgWS2Vcv0Okw9kE7t39A1CG/Zzuin+pes9jFkIzVWNkyk18LeRFLfbxJ2x9SP1C/vWv9HL/oenSltu0eXpuFKW8L9mbff7GuLqbNq8WuUW9ltant8yxP2R8ZxudccCMklvze9Sj/ADHb92/46k/NjhrUMOdb3pzUvRmQoZjik5QtS8yZv9lfGtMeb+Eyl6Rsi3/UxrPZ9xnidXouTs/GPxL+pPhy98f6ljjjtmP3Rs8Sm17W4zi/NLoY1uiQkpSpm0/wyRW1aviylG+i6Ek2nGUWgtRyqub3tElt+KLSX7Dtt7Pf+L6HJGslf7I+7TMmrq4c0fxIxJQlFtNNNGwQ1iDezgtn6nu2eDfFKyK3fj5DVveHhfpekyf+lk19pa0VJi3Sa59aLI7vwbI67Cvok1ZBpeaK4cvS5MfmNx9uVhdWUcWpKSex65NvUq18I8OZJPMxoU110SkuaP1jfdspbhrnU7JSjOXVp+XmR0KVNpbtTf2Utu/h1ZIQtuhmOrLntJfC5d016PxKJTSuKsnStLzdMVGPbj5MXzRtjzSi/OL8GY+RfLH5sfF2jZfBSua7R5uvK35nilckrLK4RlLbli5Lfb1MPJtdKlUmpTm+ayfi2YnyNj4Evi+I1jRsca7KJRk4vrLput/ToYGo6pPDyc3DpprhNZEpTvS3k14RXl3PXAs+Ti7B6/ak1+xi8S1e64mzY+dm+5e2O/kjwilKVtk5ybk5Pdt9W/1LtNXNJPv1LVceWbjv4bkniUfFGLXXbc3EMzLauAuHate1urGyJyhTFc8tlu5dUlH9d/2PpP3FWmaTHHojGuuuHLBJbJGl+y/hVaTpj1DJh/zN6UouS+zH0Mn2icU06Jotz5k5NOMY7/al5fIxEzaeDw4R7Qdat1jiK+c91TVJxrju9tt+5EaZH6JhWZli23+zH0MNuzUM5+8blKct2/1M7UXzWU6fUlyxa5n4biz6nQU7Kzmnz4j7yvadBwx7Mu7rKxuT38l4Ft7zltunKUm+nXuzLyH7umqhdIvr+iLeHVz5MX35XuSGf1C8ReMVf5f8+7qnsh0WN+r36hKKdeLFRg/zNdWdrNK9l+m/QeD6b5LaeXOVr/277R/ZfubqR88AAAAAAAAAAAAAAAAAAAAAAAAAAAAAAAAAAAAAAAAAAAAAAAAAAAAAACN1rW8LQcGWXmzcYLooxW8pPySLETM6gSLe3yOfcX+1fR+HJWYuJ/z+oR6Out7xi/zNf0Oe8W+0rVtb58XFnLCxJtxjRjvmumvDmkukfkjUsXhXXdUvUMPSsreXXmcHFv1bkdFcMRzZmbfRj8U8V61xTmyv1HJlGO793jxk1CEd+m0e2/qzXm221sv1OraP7HOIczf6csbCg0t3ZJ2Sb+S/ybLiewTSlHmztVyrbH1arioxX9TM2iPciOduRaDqek6VT9Jv0mGoajGW8PpMt6a14fD959i/qvFnEHEso0WX2uhLaONjQ5K4/KMTveB7JuEcDkf8Pd8ovfe6blu/kbXiaNpunrbEwcej/ZWkWMtaxwTHL5X0zgriPWJfU6PmOv8AFKtxW3zkbvpnsWzrHGzKx9k+8brlH9onf1FLstip5zlmV7XL8H2PYWNy808aC268mOpS39HLfY2LE9nui4rXN7+1JdIubjFfpHY24GZvaTSExuEeH8Tm91pOLvLvKdam/wCct2SleHjUwUK8eqEY9lGKSRfBmbTPlVNhyx8l/IqBsNhsAAAAAAAAABp2TwtbfxBRn20Y9tcZuUoOK279O5s89Pw7YuNmLRNNbNSri/7GUBsa1mcAcKZ28r9CwnJ/ejUov9iAzvYvwhltyqxbsWT/APRtaS/RnRAai9490043newXDlFvTdZyKXv2tipL+ZA3exXibHe9ebi5VafxR5nGTXpv03PoIF+Jb3bre8fLOnzdxz7MXpGLXnaVj5LrVa9/GcVLll4tbeBy+cHF+aPt6cIzi4zipJ901ujlHtJ9l+Jn4d2raRTGrLhHeymK2jZHx6eDNRaJ4kmZtPL51XQvzyp3Y1dF0pSjV9l7byj+p7ycOdEedRlybuL37xfkYuxPsWpanzMrFvnTjux2RTUuWKb+Jvz2MVycpNvq31Y/oVRGUxwpP3XE2DPfb6xLcyuMa+TifLe32tmYGgy5dbxJJdVNbE5x9VGHEUprtOCZI+f9ljw1SvplRXmja+Hq8SeqY0cmyNdTsipyk+iTfU1GfwzhNPqmX3lzjt1Z6RrepYmNvrHO4t0LStNUMfUcabjD4Ywsi2kl36HzjxrxVbxLrNs3Y/o0Hy1RXl5/qay8ic39uXr1PFNc8i+Na68z2+RJ7a+Gq0te8Vj3SumQjj4tmbb322iU0iDyMyeTJ8zj0j6NnnV71CNeJU9oxScmvEy6Yyw8CupdLLF1/wAmO7h96vbS3b/Ljjc/+56vs99dKaa5d9obP7q6ImOGNKs1XUsfDgk5X2KL38vH9iC5XKUYRXXsdV9kmkrI4inkuH1eHU9vSUui/ZMj4drd1ptPu7Vi40MTEpx6oqNdUFGMV4JLYyEUKojIAAAAAAAAAAAAAAAAAAAAAAAAAAAAAAAAAAAAAAAAAAAAAAAAAAAAAojC1HScHVqlVn40MiCe6jNdjO2AidcwI3F0HScGMVjabiVKK2jyVRTX6kikl2SXyRXcFmZnyKFShUgAAAAAAAAAAAAAAAAAAAAAAAAAAAAAAAAFGk1s1umVAHz17UeGI8P6883HoS03O6yio/DGzx+W5zLP0uVLc6U5QPrviPQcTiPRb9Oy4RlGyLUW19l+aPmPLwrtI1bK0fO39/jycObbpKPg0atuY7o8vp9HNM9fgZfPtP0ac+ncJktqWnbSdtXWPjFeBENeAiYmHL1PTXwX7bf1ZumXe71TGku6sj/U2r2kxcNTom/vVJ/sjTMR8ubRLvtOP9Td/aOuaOn5H4q1+m8f+xJ+aHPHytEk3ytvwe55bb79Qn8MvkDTImTGmQWPj2ZtjS2W0d/LzImiiV90a495PYlNVvVcK8SvZKMU5bePoZl9Ho6xjrbPb28fljYcJ52pxdj33blLfy8iUvn7zJk0/hguWPz8TG0quWPhW5T7y6QfjsX4Llgn4vq/mRvNacfTVrM+q07n8MnCgrcp7x3jBczPo32baP8Awvhau2cdr8uXvZ/L7q/kcH4a02Wdl0Y1aXvMm+MIt9uXfqfUmNTHGxqqIJKNcVFJeiK+YvAAyAAKAAAAAAAAAAAAAAAAAAAAAAAAAAAAAAAAAAAAAAAAAAAAAAAAAAAbjcbDYiAAKoAAAAAAAAAAAAAAAAAAAAAAAAAAAAAAAAAAAAAM4R7buHp4WoYvEWMpcl0lVekuikvst/P+ux3cieIdFxuIdCy9KyYp1Xwcd/wvumvk9marOp58LW0xMWr5h8qyyJTojk1xUum00zAysOGVV9Jxn1f2ombk4lmg65laVlLrTY65vwfXo/5bGBkKzTctyrb93J82yFq9ttPufHpnwRbJHHiftP1RsfguTkvss6Bx5GFnC+kXpfcju/0Zqt+NVn0+/wAfpb3lHzNr1TAys32e4+c9nXBqEYt9Yyj3RmebRL5ufppxTuOaz4lztdOaPoeTa8HQ8eegrLrcrcmXLvFLfbd9iDy8FxyaoLlUrN+i8Nn1L3RvTmrWbT2x5lf0qqNNdmXYlyxW0dyPnOeVk7pNynLZLyM/UrVj0xxYPw3keNGxlbme8kt41rfcr6mSnfenTV8R5/KSthGuNONHpGK5pbeOx52bcYpNtvboOZznOb8Xyr0SMrTqve5kW/sw+Jk04+sy/EyzMeI4j8Q6p7JtCV2qyzrI714UOWDa7zl4/wAjtBp3s2014XCtd847WZUna/8Ab2j+xuJHKAAAAAAAAAAAAAAAAAAAAAAAAAAAAAAAAAAAAAAAAAAAAAAAAAAAAAAAAbjcbDYAAAAAAAAAAAAAAAAAAAAAAAAAAAAAAAAAAAAAAAAAAAOF+3HhVV5GPxFjQSVi9zkpdN392X9jlaitR0+UH/q1rZP0R9Y8R6LRxBoGZpmRFON1bUX5S8H/ADPkmdV2i6xfjXxcZ02yqnF9t09tz1ndqb94dXR5Yx37bfLbiUdRfbiW7xltJPZo6rwNmU8QaNqHDs3HmyYOdCf3bEt1/P8Auc21XGVdyth9ifU98PardouuYudTJqVVik2nsZrG/DeW18HdhtzHsvX52dol+RgqTrjztOL8PNHnClKbsz7tm4pqCfRLzf8AM3v2i6Ji6hkY+t4sdqNQh71Sj2UtviT9dzQtVsjj01YdWySW8/kS0Vme6vu9ukxxjrPUW8R4/KIvslfbK2T3lJk5hx+jaWn2lZ1InFo9/fCHg319F5k3a9pxgvswj2RNnT2mmO+e3meI/MvH2UkbLwlpNmp5tONFJzyLVDr4RT6msp88ox8ZPZHYvZTpKlqzyHs1iU9P90un9i7fN26/jY8MXGqx64qNdcVGKXgkti8AZQAAAAAAAAAAAAAAAAAAAAAAAAAAAAAAAAAAAAAAAAAAAAAAAAAAAAAAAA3G42GxEAAVQAAAAAAAAAAAAAAAAAAAAAAAAAAAAAAAAAAAAAAAA+dPbXw2tO4khq9C2q1CL94tnsrI+O/qfRZpvtK4c/4j4Ny6Koc2VTH31DXfmj12/U9MVoi2p8Sk/V80Yn/PYksaX+pHrB99yInCVc5Qa2aezJHDvnpWs1TvqlF1Tj7yElt8O/VGz+0bh7G0/UMfVNNjtp2o0xvht1UW18SLFZpfUu3JljPirM/NH+Gw8C5D4n4KzdCnLmysH/mMffu4rvFHLtVpup1O+FyfOpfsTfAmuy4d4mxs7maqU1Ga84vwJ/2paFHF1Z5+JFSxsiMba5R7csvBfJv9xasROvry5Ytaa9keGn6PB1xsyWui+GO/7l9ttuT7vqzIdLx9OrqSTcuja/dmO2vB79Tz07utmMdK4a+0bn8s3RqPpGpV7x5lH4mvRH0hwHpT03h2E7IqN2VL3svPZrov5HDuC9Mlm5dMOVN5Nsao+D236/sfS9VcaaoVwW0YxUUvJJCXz1wAEAAAAAAAAAAAAAAAAAAAAAAAAAAAAAAAAAAAAAAAAAAAAAAAAAAAAAAAADcbjYbAAAAAAAAAAAAAAAAAAAAAAAAAAAAAAAAAAAAAAAAAAAAPMoqUWmt01s0egB89e2rhivTNQxdXxobVZO9V2y6Rklun+q/oQ+h5T4m4Mu0LI+LJ09Stx23vvDrzRXyO2+0bQFxDwfm40VvdGPvKmu/Mu23z6nzNoeq26FrmNmx22qntbF+Md9pRf6M9r+vHGvMNYr9l434Rl1c8e+UHuuV7L1OsaNkQ4r9njql8WdpXXr1brff+RqfG+lUVahHOwvixcqPva5Lts+u389yR9m2fHRs+F18l7jJ3rtT6Llb2MxaLV7odX8NaLzaviOf2QWfJrI5Iv4IxUY/3Zh7Pokt22kl6mz8Z6I9G1q2qK+q5uaD26OMusf2IfSMZZOp0xl9iLc5L0X/fYkxEePDmyZLZLTa3mXX/AGX6GlmLJnBcuJWlHf8AHLv+x1o1ngbB+icN1WyjtZkt2y+T7GzIzLAACAAAAAAAAAAAAAAAAAAAAAAAAAAAAAAAAAAAAAAAAAAAAAAAAAAAAAAAABuNxsNiIAAqgAAAAAAAAAAAAAAAAAAAAAAAAAAAAAAAAAAAAAAAAAAt2wVlbi1un4Hyx7S+Hf8Ah7jDJhXFRxcl++q8NlJ/Ev0e59VnK/bXw8s/huOq1w5rsF7yS+9B918j2xW57Z92bQ5BpGd/EtBnpV75rMb6ypt94vuv07ni+Tox66oLl+9t5JdiAwsizDza7q93KMttm+jXkS2VzvJs94tmpbbeR5RXsvuH0I6z/jTi9/r9mw63xfPXNHx8OzGjG6EIwnbvvuorwMjgbSJallVxjHrkWqv5R8X+xqW223q9jtfst0h13xtlH4carv8Anl3/AGRfbTg26nTVCiiFUElGEUkl5IuoAyoAAAAAAAAAAAAAAAAAAAAAAAAAAAAAAAAAAAAAAAAAAAAAAAAAAAAAAAAAAG43Gw2AAAAAAAAAAAAAAAAAAAAAAAAAAAAAAAAAAAAAAAAAAAAAABh6ng06jpuRh3wUqroOEk/JrYzAyxOp2PjXVdNnouvZGn2R2lj3OHfuk+n7Gfmxcc6xNeKf7I3T226HDT+JsbVK1y15kdpvwUo/5X9DT8+DWW2/GMX+yPXJqdWj3Zjh70nG+larj1NdFLml8kfSfCGm/wAO0SEpQ5bb37yf69v2OGcBab/ENaXw7qUowj+vd/yR9I1wUK4wS2UUkv0PKVewARQAAAAAAAAAAAAAAAAAAAAAAAAAAAAAAAAAAAAAAAAAAAAAAAAAAAAAAAAAANxuNhsRAAFUAAAAAAAAAAAAAAAAAAAAAAAAAAAAAAAAAAAAAAAAAAAAAc/9rujPVeC7bK4KVuLJWx/TucK1Lmd1cn8LlVB7J9vhR9VajiRz9OyMWSTjdXKHX1R8u63h3Q1KePyc1lLdXLFPd8r2R619VdfRl0n2L6X76nI1KxPlqk4wXhzeLOxmh+ynHnhcIU4s6ba5xk5We8js3Jm+HnbyqoAIoAAAAAAAAAAAAAAAAAAAAAAAAAAAAAAAAAAAAAAAAAAAAAAAAAAAAAAAAAAG43Gw2AAAAAAAAAAAAAAAAAAAAAAAAAAAAAAAAAAAAAAAAAAAAAAAAAEDVwlpFOvZGs/RYyy7tt3JJqLXil5k8CxMx4HlRUd9klv1Z6AIAAAAAAAAAAAAAAAAAAAAAAAAAAAAAAAAAAAAAAAAAAAAAAAAAAAAAAAAAAAAABuNygIioAKoAAAAAAAAAAAAAAAAAAAAAAAAAAAAAAAAAAAAAAAAAAAAAAAAAAAAAAAAAAAAAAAAAAAAAAAAAAAAAAAAAAAAAAAAAAAAAAAAAAAAAAAAAAAAAAAD/9k=\" style=\"width: 700px;\" data-filename=\"RS=^ADB3LZ_k.jpg\">画像も追加できます。</p>', '2022-09-26 06:34:23', '2022-09-26 06:34:23', 2),
(51, 'tesu', 'a', '2022-09-26 13:55:33', '2022-09-26 13:55:33', 6),
(52, 'aaｚ', 'aaaｑｑ', '2022-09-26 14:08:40', '2022-09-28 09:14:35', 6),
(53, 'tesuto', 'pom', '2022-09-26 14:55:14', '2022-09-26 14:55:14', 1),
(54, 'DTMについて', '<h2 id=\"chapter-0\" style=\"cursor: text; margin-top: 20px; margin-bottom: 20px; counter-reset: list-1 0 list-2 0 list-3 0 list-4 0 list-5 0 list-6 0 list-7 0 list-8 0 list-9 0; font-size: 1.5em; color: rgb(66, 66, 66); font-family: Helvetica, Arial, sans-serif; white-space: pre-wrap;\">はじめに</h2><p style=\"cursor: text; margin-top: 14px; margin-bottom: 14px; counter-reset: list-1 0 list-2 0 list-3 0 list-4 0 list-5 0 list-6 0 list-7 0 list-8 0 list-9 0; color: rgb(66, 66, 66); font-family: Helvetica, Arial, sans-serif; font-size: 16px; white-space: pre-wrap;\">こちらのMusiL大変面白いコンテンツなので試験的に試させて頂こうと思う。</p><p style=\"cursor: text; margin-top: 14px; margin-bottom: 14px; counter-reset: list-1 0 list-2 0 list-3 0 list-4 0 list-5 0 list-6 0 list-7 0 list-8 0 list-9 0; color: rgb(66, 66, 66); font-family: Helvetica, Arial, sans-serif; font-size: 16px; white-space: pre-wrap;\">とりあえず最初の記事として「もしかして今後DTM界隈に衝撃を与える可能性があるボイスチェンジャー」を紹介する。</p><p style=\"cursor: text; margin-top: 14px; margin-bottom: 14px; counter-reset: list-1 0 list-2 0 list-3 0 list-4 0 list-5 0 list-6 0 list-7 0 list-8 0 list-9 0; color: rgb(66, 66, 66); font-family: Helvetica, Arial, sans-serif; font-size: 16px; white-space: pre-wrap;\">普段私はBLOG「<a href=\"https://www.ultra-noob.com/\" style=\"color: rgb(255, 87, 34); text-decoration: underline; cursor: pointer;\">謎の技術研究部</a>」にて雑多な記事を執筆中。こちらも何卒。</p><h2 id=\"chapter-1\" style=\"cursor: text; margin-top: 20px; margin-bottom: 20px; counter-reset: list-1 0 list-2 0 list-3 0 list-4 0 list-5 0 list-6 0 list-7 0 list-8 0 list-9 0; font-size: 1.5em; color: rgb(66, 66, 66); font-family: Helvetica, Arial, sans-serif; white-space: pre-wrap;\">最先端のボイスチェンジャー「Seiren Voice」</h2><p style=\"cursor: text; margin-top: 14px; margin-bottom: 14px; counter-reset: list-1 0 list-2 0 list-3 0 list-4 0 list-5 0 list-6 0 list-7 0 list-8 0 list-9 0; color: rgb(66, 66, 66); font-family: Helvetica, Arial, sans-serif; font-size: 16px; white-space: pre-wrap;\">つい先日(2020/09/14)にとてつもないボイスチェンジャーのデモが公開されたのでメモしておく。</p><p style=\"cursor: text; margin-top: 14px; margin-bottom: 14px; counter-reset: list-1 0 list-2 0 list-3 0 list-4 0 list-5 0 list-6 0 list-7 0 list-8 0 list-9 0; color: rgb(66, 66, 66); font-family: Helvetica, Arial, sans-serif; font-size: 16px; white-space: pre-wrap;\"><a href=\"https://dmv.nico/ja/articles/seiren_voice/\" style=\"color: rgb(255, 87, 34); text-decoration: underline; cursor: pointer;\">誰の声でも100人の声に変えられる声変換システム - Dwango Media Village(ドワンゴメディアヴィレッジ,dmv)</a></p><p style=\"cursor: text; margin-top: 14px; margin-bottom: 14px; counter-reset: list-1 0 list-2 0 list-3 0 list-4 0 list-5 0 list-6 0 list-7 0 list-8 0 list-9 0; color: rgb(66, 66, 66); font-family: Helvetica, Arial, sans-serif; font-size: 16px; white-space: pre-wrap;\">上記HPで実際に変換されたデモを聞くことができる。</p><p style=\"cursor: text; margin-top: 14px; margin-bottom: 14px; counter-reset: list-1 0 list-2 0 list-3 0 list-4 0 list-5 0 list-6 0 list-7 0 list-8 0 list-9 0; color: rgb(66, 66, 66); font-family: Helvetica, Arial, sans-serif; font-size: 16px; white-space: pre-wrap;\">また次のサイトで実際に試すことができる。</p><p style=\"cursor: text; margin-top: 14px; margin-bottom: 14px; counter-reset: list-1 0 list-2 0 list-3 0 list-4 0 list-5 0 list-6 0 list-7 0 list-8 0 list-9 0; color: rgb(66, 66, 66); font-family: Helvetica, Arial, sans-serif; font-size: 16px; white-space: pre-wrap;\"><a href=\"https://seiren-voice.dmv.nico/\" style=\"color: rgb(255, 87, 34); text-decoration: underline; cursor: pointer;\">Seiren Voice（AIボイスチェンジャー）</a></p><h2 id=\"chapter-2\" style=\"cursor: text; margin-top: 20px; margin-bottom: 20px; counter-reset: list-1 0 list-2 0 list-3 0 list-4 0 list-5 0 list-6 0 list-7 0 list-8 0 list-9 0; font-size: 1.5em; color: rgb(66, 66, 66); font-family: Helvetica, Arial, sans-serif; white-space: pre-wrap;\">ここがスゴい！</h2><p style=\"cursor: text; margin-top: 14px; margin-bottom: 14px; counter-reset: list-1 0 list-2 0 list-3 0 list-4 0 list-5 0 list-6 0 list-7 0 list-8 0 list-9 0; color: rgb(66, 66, 66); font-family: Helvetica, Arial, sans-serif; font-size: 16px; white-space: pre-wrap;\">とにかくアウトプットされている音声がリアル。</p><p style=\"cursor: text; margin-top: 14px; margin-bottom: 14px; counter-reset: list-1 0 list-2 0 list-3 0 list-4 0 list-5 0 list-6 0 list-7 0 list-8 0 list-9 0; color: rgb(66, 66, 66); font-family: Helvetica, Arial, sans-serif; font-size: 16px; white-space: pre-wrap;\">機械学習などの難しい話を置いておいてとにかくリアル。</p><p style=\"cursor: text; margin-top: 14px; margin-bottom: 14px; counter-reset: list-1 0 list-2 0 list-3 0 list-4 0 list-5 0 list-6 0 list-7 0 list-8 0 list-9 0; color: rgb(66, 66, 66); font-family: Helvetica, Arial, sans-serif; font-size: 16px; white-space: pre-wrap;\">まだ所々鼻が詰まるような箇所は現れるがとにかく声質が本当に他人の声になる。</p><p style=\"cursor: text; margin-top: 14px; margin-bottom: 14px; counter-reset: list-1 0 list-2 0 list-3 0 list-4 0 list-5 0 list-6 0 list-7 0 list-8 0 list-9 0; color: rgb(66, 66, 66); font-family: Helvetica, Arial, sans-serif; font-size: 16px; white-space: pre-wrap;\">よくあるボイチェンとは違う</p><p style=\"cursor: text; margin-top: 14px; margin-bottom: 14px; counter-reset: list-1 0 list-2 0 list-3 0 list-4 0 list-5 0 list-6 0 list-7 0 list-8 0 list-9 0; color: rgb(66, 66, 66); font-family: Helvetica, Arial, sans-serif; font-size: 16px; white-space: pre-wrap;\">ここまで書いて「いやボイチェンなんか色々あるし」と思った人は一度デモを聞いてもらいたい。</p><p style=\"cursor: text; margin-top: 14px; margin-bottom: 14px; counter-reset: list-1 0 list-2 0 list-3 0 list-4 0 list-5 0 list-6 0 list-7 0 list-8 0 list-9 0; color: rgb(66, 66, 66); font-family: Helvetica, Arial, sans-serif; font-size: 16px; white-space: pre-wrap;\">一般的なボイチェンはフォルマントを弄るのがメインなのだが、この方法だとちょっと強めの設定にするとすぐに「なんか違和感のある声」になってしまう。</p><p style=\"cursor: text; margin-top: 14px; margin-bottom: 14px; counter-reset: list-1 0 list-2 0 list-3 0 list-4 0 list-5 0 list-6 0 list-7 0 list-8 0 list-9 0; color: rgb(66, 66, 66); font-family: Helvetica, Arial, sans-serif; font-size: 16px; white-space: pre-wrap;\">つまるところニュースの音声ぼかしの音になりがちだが、この「Seiren Voice」はまるで別人の声になっている。</p><p style=\"cursor: text; margin-top: 14px; margin-bottom: 14px; counter-reset: list-1 0 list-2 0 list-3 0 list-4 0 list-5 0 list-6 0 list-7 0 list-8 0 list-9 0; color: rgb(66, 66, 66); font-family: Helvetica, Arial, sans-serif; font-size: 16px; white-space: pre-wrap;\">長年DTMをやってきた経験から言わせてもらえば現在最強。</p><h2 id=\"chapter-3\" style=\"cursor: text; margin-top: 20px; margin-bottom: 20px; counter-reset: list-1 0 list-2 0 list-3 0 list-4 0 list-5 0 list-6 0 list-7 0 list-8 0 list-9 0; font-size: 1.5em; color: rgb(66, 66, 66); font-family: Helvetica, Arial, sans-serif; white-space: pre-wrap;\">なんで注目？</h2><p style=\"cursor: text; margin-top: 14px; margin-bottom: 14px; counter-reset: list-1 0 list-2 0 list-3 0 list-4 0 list-5 0 list-6 0 list-7 0 list-8 0 list-9 0; color: rgb(66, 66, 66); font-family: Helvetica, Arial, sans-serif; font-size: 16px; white-space: pre-wrap;\">統計をとったわけではないのだけれどDTMをやっているのは殆ど男性。たぶん。</p><p style=\"cursor: text; margin-top: 14px; margin-bottom: 14px; counter-reset: list-1 0 list-2 0 list-3 0 list-4 0 list-5 0 list-6 0 list-7 0 list-8 0 list-9 0; color: rgb(66, 66, 66); font-family: Helvetica, Arial, sans-serif; font-size: 16px; white-space: pre-wrap;\">そしてネットでヒットする歌は女性のほうが多い。</p><p style=\"cursor: text; margin-top: 14px; margin-bottom: 14px; counter-reset: list-1 0 list-2 0 list-3 0 list-4 0 list-5 0 list-6 0 list-7 0 list-8 0 list-9 0; color: rgb(66, 66, 66); font-family: Helvetica, Arial, sans-serif; font-size: 16px; white-space: pre-wrap;\">というわけでいい曲を作るのに埋もれている男性DTMerは多いハズだと考えるている。</p><p style=\"cursor: text; margin-top: 14px; margin-bottom: 14px; counter-reset: list-1 0 list-2 0 list-3 0 list-4 0 list-5 0 list-6 0 list-7 0 list-8 0 list-9 0; color: rgb(66, 66, 66); font-family: Helvetica, Arial, sans-serif; font-size: 16px; white-space: pre-wrap;\">もちろん普通の配信における喋りで使うのがメインなのだろうが、DTMerから見れば垂涎の品である。</p><p style=\"cursor: text; margin-top: 14px; margin-bottom: 14px; counter-reset: list-1 0 list-2 0 list-3 0 list-4 0 list-5 0 list-6 0 list-7 0 list-8 0 list-9 0; color: rgb(66, 66, 66); font-family: Helvetica, Arial, sans-serif; font-size: 16px; white-space: pre-wrap;\">YoutubeにおけるVtuberが現れた時の衝撃のように、男性声を女性声に変換した楽曲が大ヒットし始める時代が来る可能性が示された。</p><h2 id=\"chapter-4\" style=\"cursor: text; margin-top: 20px; margin-bottom: 20px; counter-reset: list-1 0 list-2 0 list-3 0 list-4 0 list-5 0 list-6 0 list-7 0 list-8 0 list-9 0; font-size: 1.5em; color: rgb(66, 66, 66); font-family: Helvetica, Arial, sans-serif; white-space: pre-wrap;\">開発中</h2><p style=\"cursor: text; margin-top: 14px; margin-bottom: 14px; counter-reset: list-1 0 list-2 0 list-3 0 list-4 0 list-5 0 list-6 0 list-7 0 list-8 0 list-9 0; color: rgb(66, 66, 66); font-family: Helvetica, Arial, sans-serif; font-size: 16px; white-space: pre-wrap;\">まだ開発中なので今後の発表に期待したい。</p>', '2022-09-26 19:35:30', '2022-09-26 19:35:30', 1),
(55, 'てす', 'てすてす', '2022-09-27 03:43:50', '2022-09-27 03:43:50', 1),
(56, 'てす', 'てすてす', '2022-09-28 07:32:03', '2022-09-28 07:32:03', 1),
(57, 'てす', 'てすてすa', '2022-09-28 07:43:02', '2022-09-28 07:43:02', 1),
(58, 'てす', 'てすてすaaa', '2022-09-28 07:45:46', '2022-09-28 07:45:46', 1),
(59, 'てす', 'てすてすabc', '2022-09-28 07:50:20', '2022-09-28 07:50:20', 1),
(60, 'てす', 'てすてすabcde', '2022-09-28 07:56:44', '2022-09-28 07:56:44', 1),
(61, 'てす', 'てすてすabcdeｚｚｚ', '2022-09-28 08:05:23', '2022-09-28 08:05:23', 1);

-- --------------------------------------------------------

--
-- テーブルの構造 `goods`
--

CREATE TABLE `goods` (
  `id` bigint(20) UNSIGNED NOT NULL,
  `created_at` timestamp NULL DEFAULT NULL,
  `updated_at` timestamp NULL DEFAULT NULL,
  `content_id` bigint(20) UNSIGNED DEFAULT NULL,
  `user_id` bigint(20) UNSIGNED DEFAULT NULL
) ENGINE=InnoDB DEFAULT CHARSET=utf8mb4 COLLATE=utf8mb4_unicode_ci;

--
-- テーブルのデータのダンプ `goods`
--

INSERT INTO `goods` (`id`, `created_at`, `updated_at`, `content_id`, `user_id`) VALUES
(2, '2022-09-27 15:55:36', '2022-09-27 15:55:36', 54, 1),
(3, '2022-09-27 17:47:43', '2022-09-27 17:47:43', NULL, NULL),
(4, '2022-09-27 17:47:44', '2022-09-27 17:47:44', NULL, NULL);

-- --------------------------------------------------------

--
-- テーブルの構造 `migrations`
--

CREATE TABLE `migrations` (
  `id` int(10) UNSIGNED NOT NULL,
  `migration` varchar(191) COLLATE utf8mb4_unicode_ci NOT NULL,
  `batch` int(11) NOT NULL
) ENGINE=InnoDB DEFAULT CHARSET=utf8mb4 COLLATE=utf8mb4_unicode_ci;

--
-- テーブルのデータのダンプ `migrations`
--

INSERT INTO `migrations` (`id`, `migration`, `batch`) VALUES
(5, '2019_12_14_000001_create_personal_access_tokens_table', 1),
(6, '2022_09_16_161701_create_contents_table', 1),
(7, '2022_09_16_163311_create_goods_table', 1),
(8, '2022_09_16_163941_create_users_table', 1),
(9, '2022_09_26_223554_add_user_id_to_contents_table', 2),
(10, '2022_09_27_151951_add_user_id_to_goods_table', 3);

-- --------------------------------------------------------

--
-- テーブルの構造 `personal_access_tokens`
--

CREATE TABLE `personal_access_tokens` (
  `id` bigint(20) UNSIGNED NOT NULL,
  `tokenable_type` varchar(191) COLLATE utf8mb4_unicode_ci NOT NULL,
  `tokenable_id` bigint(20) UNSIGNED NOT NULL,
  `name` varchar(191) COLLATE utf8mb4_unicode_ci NOT NULL,
  `token` varchar(64) COLLATE utf8mb4_unicode_ci NOT NULL,
  `abilities` text COLLATE utf8mb4_unicode_ci DEFAULT NULL,
  `last_used_at` timestamp NULL DEFAULT NULL,
  `created_at` timestamp NULL DEFAULT NULL,
  `updated_at` timestamp NULL DEFAULT NULL
) ENGINE=InnoDB DEFAULT CHARSET=utf8mb4 COLLATE=utf8mb4_unicode_ci;

-- --------------------------------------------------------

--
-- テーブルの構造 `users`
--

CREATE TABLE `users` (
  `id` bigint(20) UNSIGNED NOT NULL,
  `name` varchar(191) COLLATE utf8mb4_unicode_ci NOT NULL,
  `email` varchar(191) COLLATE utf8mb4_unicode_ci NOT NULL,
  `password` varchar(191) COLLATE utf8mb4_unicode_ci NOT NULL,
  `image` varchar(191) COLLATE utf8mb4_unicode_ci DEFAULT NULL,
  `prof` varchar(191) COLLATE utf8mb4_unicode_ci DEFAULT NULL,
  `created_at` timestamp NULL DEFAULT NULL,
  `updated_at` timestamp NULL DEFAULT NULL,
  `role` int(11) NOT NULL DEFAULT 1,
  `remember_token` varchar(100) COLLATE utf8mb4_unicode_ci DEFAULT NULL
) ENGINE=InnoDB DEFAULT CHARSET=utf8mb4 COLLATE=utf8mb4_unicode_ci;

--
-- テーブルのデータのダンプ `users`
--

INSERT INTO `users` (`id`, `name`, `email`, `password`, `image`, `prof`, `created_at`, `updated_at`, `role`, `remember_token`) VALUES
(1, '斉藤 聡太郎', 'youichi.kato@example.org', '$2y$10$92IXUNpkjO0rOQ5byMi.Ye4oKoEa3Ro9llC/.og/at2.uheWG/igi', 'a', 'こんにちは私の名前は斎藤です。\r\n音楽が好きな19歳です。', '2022-09-24 13:13:05', '2022-09-24 13:13:05', 1, NULL),
(2, '喜嶋 篤司', 'naoto.tanabe@example.com', 'password', NULL, NULL, '2022-09-24 13:13:05', '2022-09-24 13:13:05', 1, NULL),
(3, 'test', 'test@test.com', 'password', NULL, NULL, '2022-09-26 09:03:17', '2022-09-26 09:03:17', 1, NULL),
(5, 'ハシュテスト', 'ttest@test.com', 'password', NULL, NULL, '2022-09-26 09:14:18', '2022-09-26 09:14:18', 1, NULL),
(6, 'ハッシュ', 'a@a.com', '$2y$10$SKDEhhJFYljqhVWbSu5P0ON8khXDGRwxFS4Z5F2R2j0OkYO8EtRI2', NULL, NULL, '2022-09-26 09:27:08', '2022-09-26 09:27:08', 1, NULL),
(7, 'テス', 'aa@a.com', '$2y$10$tmXYI92XGX.zrrLhXrReeuICS7sPIMDNoumVZRl6Ov7w7ul8RK.Cu', NULL, NULL, '2022-09-26 09:29:41', '2022-09-26 09:29:41', 1, NULL);

--
-- ダンプしたテーブルのインデックス
--

--
-- テーブルのインデックス `contents`
--
ALTER TABLE `contents`
  ADD PRIMARY KEY (`id`);

--
-- テーブルのインデックス `goods`
--
ALTER TABLE `goods`
  ADD PRIMARY KEY (`id`);

--
-- テーブルのインデックス `migrations`
--
ALTER TABLE `migrations`
  ADD PRIMARY KEY (`id`);

--
-- テーブルのインデックス `personal_access_tokens`
--
ALTER TABLE `personal_access_tokens`
  ADD PRIMARY KEY (`id`),
  ADD UNIQUE KEY `personal_access_tokens_token_unique` (`token`),
  ADD KEY `personal_access_tokens_tokenable_type_tokenable_id_index` (`tokenable_type`,`tokenable_id`);

--
-- テーブルのインデックス `users`
--
ALTER TABLE `users`
  ADD PRIMARY KEY (`id`),
  ADD UNIQUE KEY `users_email_unique` (`email`);

--
-- ダンプしたテーブルの AUTO_INCREMENT
--

--
-- テーブルの AUTO_INCREMENT `contents`
--
ALTER TABLE `contents`
  MODIFY `id` bigint(20) UNSIGNED NOT NULL AUTO_INCREMENT, AUTO_INCREMENT=65;

--
-- テーブルの AUTO_INCREMENT `goods`
--
ALTER TABLE `goods`
  MODIFY `id` bigint(20) UNSIGNED NOT NULL AUTO_INCREMENT, AUTO_INCREMENT=5;

--
-- テーブルの AUTO_INCREMENT `migrations`
--
ALTER TABLE `migrations`
  MODIFY `id` int(10) UNSIGNED NOT NULL AUTO_INCREMENT, AUTO_INCREMENT=11;

--
-- テーブルの AUTO_INCREMENT `personal_access_tokens`
--
ALTER TABLE `personal_access_tokens`
  MODIFY `id` bigint(20) UNSIGNED NOT NULL AUTO_INCREMENT;

--
-- テーブルの AUTO_INCREMENT `users`
--
ALTER TABLE `users`
  MODIFY `id` bigint(20) UNSIGNED NOT NULL AUTO_INCREMENT, AUTO_INCREMENT=8;
COMMIT;

/*!40101 SET CHARACTER_SET_CLIENT=@OLD_CHARACTER_SET_CLIENT */;
/*!40101 SET CHARACTER_SET_RESULTS=@OLD_CHARACTER_SET_RESULTS */;
/*!40101 SET COLLATION_CONNECTION=@OLD_COLLATION_CONNECTION */;
